task_id,output_name,variant,seed
cons_cex_categories,cons_alcohol,xgb_tuned_direct,830284618
cons_cex_categories,cons_apparel,xgb_tuned_direct,3749980910
cons_cex_categories,cons_education,xgb_tuned_direct,1391943142
cons_cex_categories,cons_entertainment,xgb_tuned_direct,3749563252
cons_cex_categories,cons_food,xgb_tuned_direct,2481847308
cons_cex_categories,cons_health,xgb_tuned_direct,2920050795
cons_cex_categories,cons_housing,xgb_tuned_direct,429675560
cons_cex_categories,cons_misc,xgb_tuned_direct,3420310958
cons_cex_categories,cons_personal_care,xgb_tuned_direct,669822117
cons_cex_categories,cons_read,xgb_tuned_direct,68000523
cons_cex_categories,cons_tobacco,xgb_tuned_direct,3859702569
cons_cex_categories,cons_transport,xgb_tuned_direct,1796854219
cons_cex_rebate01,cons_durables,xgb_tuned_direct,742440305
cons_cex_rebate01,cons_nondurables,xgb_tuned_direct,1275274010
cons_cex_rebate01,cons_parker_total,xgb_tuned_direct,1050657297
cons_cex_sspay,daily_food_at_home,xgb_tuned_direct,1144125574
cons_cex_sspay,daily_food_away_from_home,xgb_tuned_direct,954709977
cons_cex_sspay,daily_total_expenditure,xgb_tuned_direct,3566380813
cons_cex_stimulus08,cons_durables,xgb_tuned_direct,821631807
cons_cex_stimulus08,cons_nondurables,xgb_tuned_direct,3913541488
cons_cex_stimulus08,cons_parker_total,xgb_tuned_direct,1144660418
cons_cex_total,cons_durables,xgb_tuned_direct,3275738977
cons_cex_total,cons_nondurables,xgb_tuned_direct,1051452798
cons_cex_total,cons_parker_total,xgb_tuned_direct,4107052553
cons_psid_jobloss,annual_food_spending,xgb_tuned_direct,3796725119
cons_psid_wealth,wlth_tot_net_nd_next_wave,xgb_tuned_direct,741540745
cons_sce_growth,signed_spending_growth_percent,xgb_tuned_direct,1594144913
cons_sce_shock,gain_spend_or_donate_share,xgb_tuned_direct,598152706
cons_sce_shock,loss_reduce_spending_share,xgb_tuned_direct,594023437
house_census_move,target,xgb_tuned_direct,1558514294
house_psid_owner,becomes_owner_next_wave,xgb_tuned_direct,2527420119
house_sce_financing,down_payment_after_cash_inheritance,xgb_tuned_direct,668858241
house_sce_financing,down_payment_flexible_alternative_rate,xgb_tuned_direct,2855323039
house_sce_financing,down_payment_flexible_original_rate,xgb_tuned_direct,3198479023
house_sce_financing,wtp_after_cash_inheritance,xgb_tuned_direct,3316929092
house_sce_financing,wtp_flexible_alternative_rate,xgb_tuned_direct,391069219
house_sce_financing,wtp_flexible_original_rate,xgb_tuned_direct,1928750029
house_sce_lockin,move,xgb_tuned_direct,917203171
house_sce_move,move,xgb_tuned_direct,4244763357
income_cps_displace,target,xgb_tuned_direct,504982173
income_mich_finance,expected_percent_change,xgb_tuned_direct,2284546658
income_psid_earnings,earn_tot_nd_10y,xgb_tuned_direct,3447955379
income_psid_earnings,earn_tot_nd_2y,xgb_tuned_direct,1192995100
income_psid_earnings,earn_tot_nd_4y,xgb_tuned_direct,1872534325
income_sce_growth,Q25v2part2,xgb_tuned_direct,509200872
income_sce_policy,qp2_16,xgb_tuned_direct,2275041153
income_sce_policy,qp2_5,xgb_tuned_direct,728908227
income_sce_policy,qp2_6,xgb_tuned_direct,3942559427
income_sce_policy,qp2_9,xgb_tuned_direct,3934143516
labor_cps_displace,target,xgb_tuned_direct,3143124643
labor_cps_jobfind,target,xgb_tuned_direct,4026454566
labor_cps_retire,target,xgb_tuned_direct,3821883738
labor_cps_separation,target,xgb_tuned_direct,1433055145
labor_cps_ui,target,xgb_tuned_direct,3197410471
labor_psid_addedworker,partner_annual_earnings_event_year,xgb_tuned_direct,1272470852
labor_psid_addedworker,partner_annual_earnings_following_year,xgb_tuned_direct,122200398
labor_psid_addedworker,partner_annual_hours_event_year,xgb_tuned_direct,126718213
labor_psid_addedworker,partner_annual_hours_following_year,xgb_tuned_direct,2405580813
labor_sce_offer,first_offer_decision,xgb_tuned_direct,1625031315
labor_sce_reswage,preferred_weekly_hours,xgb_tuned_direct,4031915575
labor_sce_reswage,reservation_wage_hourly,xgb_tuned_direct,3156068454
labor_sce_risk,job_find,xgb_tuned_direct,3260511343
labor_sce_risk,job_loss,xgb_tuned_direct,3123094171
labor_sce_risk,voluntary_leave,xgb_tuned_direct,4251630027
labor_sce_search,find_12m,xgb_tuned_direct,9129832
labor_sce_search,find_3m,xgb_tuned_direct,1373477178
macro_mich_outlook,PX1,xgb_tuned_direct,1880784717
macro_mich_outlook,PX5,xgb_tuned_direct,1406384705
macro_sce_revision,expected_inflation_2y3y_m12,xgb_tuned_direct,1165424301
macro_sce_revision,expected_inflation_next_12m_m12,xgb_tuned_direct,102852091
macro_sce_uncertainty,inflation_1y,xgb_tuned_direct,2966044671
macro_sce_uncertainty,inflation_3y,xgb_tuned_direct,1136760155
macro_sce_uncertainty,savings_rate_higher,xgb_tuned_direct,1279354201
macro_sce_uncertainty,stock_prices_higher,xgb_tuned_direct,3081775464
macro_sce_uncertainty,unemployment_higher,xgb_tuned_direct,1715252005
