statefip,state_name,series_id,measure_code,measure_name,seasonal,begin_year,begin_period,end_year,end_period,series_title
1,Alabama,LAUST010000000000003,03,unemployment rate,U,1976,M01,2026,M06,Unemployment Rate: Alabama (U)
2,Alaska,LAUST020000000000003,03,unemployment rate,U,1976,M01,2026,M06,Unemployment Rate: Alaska (U)
4,Arizona,LAUST040000000000003,03,unemployment rate,U,1976,M01,2026,M06,Unemployment Rate: Arizona (U)
5,Arkansas,LAUST050000000000003,03,unemployment rate,U,1976,M01,2026,M06,Unemployment Rate: Arkansas (U)
6,California,LAUST060000000000003,03,unemployment rate,U,1976,M01,2026,M06,Unemployment Rate: California (U)
8,Colorado,LAUST080000000000003,03,unemployment rate,U,1976,M01,2026,M06,Unemployment Rate: Colorado (U)
9,Connecticut,LAUST090000000000003,03,unemployment rate,U,1976,M01,2026,M06,Unemployment Rate: Connecticut (U)
10,Delaware,LAUST100000000000003,03,unemployment rate,U,1976,M01,2026,M06,Unemployment Rate: Delaware (U)
11,District of Columbia,LAUST110000000000003,03,unemployment rate,U,1976,M01,2026,M06,Unemployment Rate: District of Columbia (U)
12,Florida,LAUST120000000000003,03,unemployment rate,U,1976,M01,2026,M06,Unemployment Rate: Florida (U)
13,Georgia,LAUST130000000000003,03,unemployment rate,U,1976,M01,2026,M06,Unemployment Rate: Georgia (U)
15,Hawaii,LAUST150000000000003,03,unemployment rate,U,1976,M01,2026,M06,Unemployment Rate: Hawaii (U)
16,Idaho,LAUST160000000000003,03,unemployment rate,U,1976,M01,2026,M06,Unemployment Rate: Idaho (U)
17,Illinois,LAUST170000000000003,03,unemployment rate,U,1976,M01,2026,M06,Unemployment Rate: Illinois (U)
18,Indiana,LAUST180000000000003,03,unemployment rate,U,1976,M01,2026,M06,Unemployment Rate: Indiana (U)
19,Iowa,LAUST190000000000003,03,unemployment rate,U,1976,M01,2026,M06,Unemployment Rate: Iowa (U)
20,Kansas,LAUST200000000000003,03,unemployment rate,U,1976,M01,2026,M06,Unemployment Rate: Kansas (U)
21,Kentucky,LAUST210000000000003,03,unemployment rate,U,1976,M01,2026,M06,Unemployment Rate: Kentucky (U)
22,Louisiana,LAUST220000000000003,03,unemployment rate,U,1976,M01,2026,M06,Unemployment Rate: Louisiana (U)
23,Maine,LAUST230000000000003,03,unemployment rate,U,1976,M01,2026,M06,Unemployment Rate: Maine (U)
24,Maryland,LAUST240000000000003,03,unemployment rate,U,1976,M01,2026,M06,Unemployment Rate: Maryland (U)
25,Massachusetts,LAUST250000000000003,03,unemployment rate,U,1976,M01,2026,M06,Unemployment Rate: Massachusetts (U)
26,Michigan,LAUST260000000000003,03,unemployment rate,U,1976,M01,2026,M06,Unemployment Rate: Michigan (U)
27,Minnesota,LAUST270000000000003,03,unemployment rate,U,1976,M01,2026,M06,Unemployment Rate: Minnesota (U)
28,Mississippi,LAUST280000000000003,03,unemployment rate,U,1976,M01,2026,M06,Unemployment Rate: Mississippi (U)
29,Missouri,LAUST290000000000003,03,unemployment rate,U,1976,M01,2026,M06,Unemployment Rate: Missouri (U)
30,Montana,LAUST300000000000003,03,unemployment rate,U,1976,M01,2026,M06,Unemployment Rate: Montana (U)
31,Nebraska,LAUST310000000000003,03,unemployment rate,U,1976,M01,2026,M06,Unemployment Rate: Nebraska (U)
32,Nevada,LAUST320000000000003,03,unemployment rate,U,1976,M01,2026,M06,Unemployment Rate: Nevada (U)
33,New Hampshire,LAUST330000000000003,03,unemployment rate,U,1976,M01,2026,M06,Unemployment Rate: New Hampshire (U)
34,New Jersey,LAUST340000000000003,03,unemployment rate,U,1976,M01,2026,M06,Unemployment Rate: New Jersey (U)
35,New Mexico,LAUST350000000000003,03,unemployment rate,U,1976,M01,2026,M06,Unemployment Rate: New Mexico (U)
36,New York,LAUST360000000000003,03,unemployment rate,U,1976,M01,2026,M06,Unemployment Rate: New York (U)
37,North Carolina,LAUST370000000000003,03,unemployment rate,U,1976,M01,2026,M06,Unemployment Rate: North Carolina (U)
38,North Dakota,LAUST380000000000003,03,unemployment rate,U,1976,M01,2026,M06,Unemployment Rate: North Dakota (U)
39,Ohio,LAUST390000000000003,03,unemployment rate,U,1976,M01,2026,M06,Unemployment Rate: Ohio (U)
40,Oklahoma,LAUST400000000000003,03,unemployment rate,U,1976,M01,2026,M06,Unemployment Rate: Oklahoma (U)
41,Oregon,LAUST410000000000003,03,unemployment rate,U,1976,M01,2026,M06,Unemployment Rate: Oregon (U)
42,Pennsylvania,LAUST420000000000003,03,unemployment rate,U,1976,M01,2026,M06,Unemployment Rate: Pennsylvania (U)
44,Rhode Island,LAUST440000000000003,03,unemployment rate,U,1976,M01,2026,M06,Unemployment Rate: Rhode Island (U)
45,South Carolina,LAUST450000000000003,03,unemployment rate,U,1976,M01,2026,M06,Unemployment Rate: South Carolina (U)
46,South Dakota,LAUST460000000000003,03,unemployment rate,U,1976,M01,2026,M06,Unemployment Rate: South Dakota (U)
47,Tennessee,LAUST470000000000003,03,unemployment rate,U,1976,M01,2026,M06,Unemployment Rate: Tennessee (U)
48,Texas,LAUST480000000000003,03,unemployment rate,U,1976,M01,2026,M06,Unemployment Rate: Texas (U)
49,Utah,LAUST490000000000003,03,unemployment rate,U,1976,M01,2026,M06,Unemployment Rate: Utah (U)
50,Vermont,LAUST500000000000003,03,unemployment rate,U,1976,M01,2026,M06,Unemployment Rate: Vermont (U)
51,Virginia,LAUST510000000000003,03,unemployment rate,U,1976,M01,2026,M06,Unemployment Rate: Virginia (U)
53,Washington,LAUST530000000000003,03,unemployment rate,U,1976,M01,2026,M06,Unemployment Rate: Washington (U)
54,West Virginia,LAUST540000000000003,03,unemployment rate,U,1976,M01,2026,M06,Unemployment Rate: West Virginia (U)
55,Wisconsin,LAUST550000000000003,03,unemployment rate,U,1976,M01,2026,M06,Unemployment Rate: Wisconsin (U)
56,Wyoming,LAUST560000000000003,03,unemployment rate,U,1976,M01,2026,M06,Unemployment Rate: Wyoming (U)
