variable,199002,200007
YEAR,True,True
SAMPLE,True,True
SERIAL,True,True
NUMPREC,True,True
SUBSAMP,True,True
HHWT,True,True
HHTYPE,True,True
CLUSTER,True,True
CPI99,True,True
REGION,True,True
STATEICP,True,True
STATEFIP,True,True
COUNTYICP,True,True
COUNTYFIP,True,True
PUMA,True,False
CNTYGP98,False,False
CNTYGP97,False,False
PUMASUPR,False,True
METRO,True,True
METAREA,True,True
METAREAD,True,True
CITY,True,True
CITYERR,True,True
CITYPOP,True,True
SIZEPL,True,False
URBAN,True,False
STRATA,True,True
PUMATYPE,True,False
PUMATY00,False,True
PUMALAND,False,True
PUMAAREA,False,True
CNTRY,True,True
GQ,True,True
GQTYPE,True,True
GQTYPED,True,True
FARM,True,True
OWNERSHP,True,True
OWNERSHPD,True,True
MORTGAGE,True,True
MORTGAG2,True,True
COMMUSE,True,True
LANDRENT,False,False
FARMPROD,True,True
ACREPROP,True,True
ACREHOUS,False,True
MORTOTAL,False,False
MORTAMT1,True,True
MORTAMT2,True,True
TAXINCL,True,True
INSINCL,True,True
PROPTXIN,False,False
PROPINSR,True,True
PROPTX99,True,True
OWNCOST,True,False
RENT,True,True
RENTGRS,True,True
RENTMEAL,True,True
CONDO,True,True
CONDOFEE,True,True
MOBLHOME,True,False
MOBLHOM2,False,True
MOBLOAN,False,True
COSTELEC,True,True
COSTGAS,True,True
COSTWATR,True,True
COSTFUEL,True,True
HHINCOME,True,True
VALUEH,True,True
LINGISOL,True,True
VACANCY,True,True
VACELSE,True,False
VACBOARD,True,False
VACDUR,True,False
SECHOME,False,False
ACCESS,False,False
KITCHEN,True,True
ROOMS,True,True
PLUMBING,True,True
HOTWATER,False,False
SHOWER,False,False
TOILET,False,False
TOILET2,False,False
BASEMENT,False,False
BUILTYR,True,True
BUILTYR2,False,True
HOUSQUAL,False,False
UNITSADD,False,False
UNITSSTR,True,True
WATERSRC,True,False
SEWAGE,True,False
BATHRMS,False,False
BEDROOMS,True,True
STORIES,False,False
ELEVATOR,False,False
NFAMS,True,True
NSUBFAM,True,True
NCOUPLES,True,True
NMOTHERS,True,True
NFATHERS,True,True
MULTGEN,True,True
MULTGEND,True,True
CBNSUBFAM,True,True
PERNUM,True,True
PERWT,True,True
SLWT,True,True
FAMUNIT,True,True
FAMSIZE,True,True
SUBFAM,True,True
SFTYPE,True,True
SFRELATE,True,True
CBSUBFAM,True,True
CBSFTYPE,True,True
CBSFRELATE,True,True
MOMLOC,True,True
STEPMOM,False,False
MOMRULE,True,True
MOMRULE_HIST,False,False
POPLOC,True,True
STEPPOP,False,False
POPRULE,True,True
POPRULE_HIST,False,False
SPLOC,True,True
SPRULE,True,True
SPRULE_HIST,False,False
MOMLOC2,True,True
MOM2RULE,True,True
POPLOC2,True,True
POP2RULE,True,True
NCHILD,True,True
NCHLT5,True,True
NSIBS,True,True
ELDCH,True,True
YNGCH,True,True
RELATE,True,True
RELATED,True,True
SEX,True,True
AGE,True,True
BIRTHQTR,False,False
MARST,True,True
BIRTHYR,True,True
MARRNO,False,False
MARRQTR,False,False
AGEMARR,False,False
WIDOW,False,False
CHBORN,True,False
RACE,True,True
RACED,True,True
HISPAN,True,True
HISPAND,True,True
BPL,True,True
BPLD,True,True
MBPL,False,False
MBPLD,False,False
FBPL,False,False
FBPLD,False,False
NATIVITY,False,False
ANCESTR1,True,True
ANCESTR1D,True,True
ANCESTR2,True,True
ANCESTR2D,True,True
CITIZEN,True,True
YRIMMIG,True,True
YRSUSA1,False,True
YRSUSA2,True,True
MTONGUE,False,False
MTONGUED,False,False
LANGUAGE,True,True
LANGUAGED,True,True
SPEAKENG,True,True
SPANNAME,False,False
HISP1970,False,False
HISPRULE,False,False
TRIBE,True,True
TRIBED,True,True
SCHOOL,True,True
HIGRADE,False,False
HIGRADED,False,False
EDUC,True,True
EDUCD,True,True
GRADEATT,False,True
GRADEATTD,False,True
SCHLTYPE,True,True
SCHLVOC,False,False
EMPSTAT,True,True
EMPSTATD,True,True
LABFORCE,True,True
CLASSWKR,True,True
CLASSWKRD,True,True
OCC,True,True
OCC1950,True,True
OCC1990,True,True
OCC2010,True,True
OCCSOC,False,True
IND,True,True
IND1950,True,True
IND1990,True,True
INDNAICS,False,True
WKSWORK1,True,True
WKSWORK2,True,True
HRSWORK1,True,False
HRSWORK2,True,False
UHRSWORK,True,True
WKSUNEMP,False,False
YRLASTWK,True,False
WRKLSTWK,True,False
ABSENT,True,True
LOOKING,True,True
AVAILBLE,True,True
WRKRECAL,False,True
WORKEDYR,True,True
INCTOT,True,True
FTOTINC,True,True
INCWAGE,True,True
INCBUSFM,False,False
INCBUS,True,False
INCBUS00,False,True
INCFARM,True,False
INCSS,True,True
INCWELFR,True,True
INCINVST,True,True
INCRETIR,True,True
INCSUPP,False,True
INCOTHER,True,True
INCEARN,True,True
POVERTY,True,True
OCCSCORE,True,True
SEI,True,True
HWSEI,True,True
PRESGL,True,True
PRENT,True,True
ERSCOR50,True,True
ERSCOR90,True,True
EDSCOR50,True,True
EDSCOR90,True,True
NPBOSS50,True,True
NPBOSS90,True,True
MIGRATE5,True,True
MIGRATE5D,True,True
MIGPLAC5,True,True
MIGCOGRP5,False,False
MIGPUMA5,True,False
MIGSPUMA5,False,True
MIGMETAREA5,True,True
MIGMETRO5,True,True
MIGMETROD5,False,True
MIGCITY5,True,True
SAMEMET5,False,False
MOVEDIN,True,True
MIGSAMP,False,False
WORK5YR,False,False
MILIT5YR,False,False
COLL5YR,False,False
OCC5YR,False,False
OCC5YR95,False,False
IND5YR,False,False
CLASS5YR,False,False
DISABWRK,True,True
DISABDUR,False,False
DISABTRN,False,False
DIFFREM,False,True
DIFFPHYS,False,True
DIFFMOB,True,True
DIFFCARE,True,True
DIFFSENS,False,True
VETSTAT,True,True
VETSTATD,True,True
VET95X00,False,True
VET90X95,False,True
VET75X90,True,True
VET80X90,True,True
VET75X80,True,True
VETVIETN,True,True
VET55X64,True,True
VETKOREA,True,True
VETWWII,True,True
VETWWI,False,False
VETOTHER,True,True
VETOTHERD,True,True
VETYRS,True,True
PWSTATE1,False,False
PWSTATE2,True,True
PWMETAREA,True,True
PWCITY,True,True
PWMETSTAT,True,True
PWMETSTATD,False,True
PWCNTYGP,False,False
PWPUMA,True,False
PWSPUMA,False,True
PWMET98,False,False
TRANWORK,True,True
CARPOOL,True,True
RIDERS,True,True
TRANTIME,True,True
DEPARTS,True,True
