variable,declared_type,trigger_code,trigger_label
ABSENT,numeric,,
ACTSAME,numeric,,
AGE,numeric,,
AHRSWORK1,numeric,,
AHRSWORK2,numeric,,
AHRSWORKT,numeric,,
ASECFLAG,numeric,,
ASIAN,numeric,,
BPL,numeric,,
CBSASZ,numeric,,
CITIZEN,numeric,,
CLASSWKR,numeric,,
COUNTY,numeric,,
CPSID,numeric,,
CPSIDP,numeric,,
CPSIDV,numeric,,
DIFFANY,numeric,,
DIFFCARE,numeric,,
DIFFEYE,numeric,,
DIFFHEAR,numeric,,
DIFFMOB,numeric,,
DIFFPHYS,numeric,,
DIFFREM,numeric,,
DURUNEM2,numeric,,
DURUNEMP,numeric,,
DWBEN,numeric,,
DWCLASS,numeric,,
DWEXBEN,numeric,,
DWFULLTIME,numeric,,
DWHI,numeric,,
DWHINOW,numeric,,
DWHRSWKC,numeric,,
DWIND,numeric,,
DWIND1990,numeric,,
DWJOBSINCE,numeric,,
DWLASTWRK,numeric,,
DWLOSTJOB,numeric,,
DWMOVE,numeric,,
DWNOTICE,numeric,,
DWOCC,numeric,,
DWOCC1990,numeric,,
DWREAS,numeric,,
DWRECALL,numeric,,
DWRESP,numeric,,
DWSTAT,numeric,,
DWUNION,numeric,,
DWWAGEC,numeric,,
DWWAGEL,numeric,,
DWWEEKC,numeric,,
DWWEEKL,numeric,,
DWWKSUN,numeric,,
DWYEARS,numeric,,
EARNWEEK,numeric,,
EARNWEEK2,numeric,,
EDCYC,numeric,,
EDDIPGED,numeric,,
EDHGCGED,numeric,,
EDUC,numeric,,
EDUC99,numeric,,
ELIGORG,numeric,,
EMPSAME,numeric,,
EMPSTAT,numeric,,
FAMINC,numeric,,
FAMREL,numeric,,
FAMSIZE,numeric,,
FAMUNIT,numeric,,
FTYPE,numeric,,
GQTYPE,numeric,,
HHINTYPE,numeric,,
HHRESPLN,numeric,,
HHTENURE,numeric,,
HISPAN,numeric,,
HOURWAGE,numeric,,
HOURWAGE2,numeric,,
HRHHID,numeric,,
HRHHID2,numeric,,
HRSAMPLE,numeric,,
HUHHNUM,numeric,,
HWTFINL,numeric,,
IND,numeric,,
IND1950,numeric,,
IND1990,numeric,,
INTTYPE,numeric,,
JOBCERT,numeric,,
LABFORCE,numeric,,
MARBASECIDH,numeric,,
MARBASECIDP,numeric,,
MARST,numeric,,
METFIPS,numeric,,
METRO,numeric,,
MISH,numeric,,
MONTH,numeric,,
MULTJOB,numeric,,
NATIVITY,numeric,,
NCHILD,numeric,,
NCHLT5,numeric,,
NILFACT,numeric,,
NUMJOB,numeric,,
NUMPREC,numeric,,
OCC,numeric,,
OCC1950,numeric,,
OCC1990,numeric,,
OCC2010,numeric,,
OTPAY,numeric,,
PAIDEMP1,numeric,,
PAIDEMP1N,numeric,,
PAIDEMP2,numeric,,
PAIDEMP2N,numeric,,
PAIDHOUR,numeric,,
PERNUM,numeric,,
POPSTAT,numeric,,
PROFCERT,numeric,,
RACE,numeric,,
REGION,numeric,,
RELATE,numeric,,
SCHLCOLL,numeric,,
SERIAL,numeric,,
SEX,numeric,,
SPLOC,numeric,,
SPRULE,numeric,,
STATECERT,numeric,,
STATEFIP,numeric,,
SUBMINWAGE,numeric,,
UCAPLAST,numeric,,
UCNOMAIN,numeric,,
UCNORECLAST,numeric,,
UCNORECWK,numeric,,
UCRECLAST,numeric,,
UCRECWK,numeric,,
UCSUPFLG,numeric,,
UCUNION,numeric,,
UCWHYNOELG,numeric,,
UHRSWORK1,numeric,,
UHRSWORK2,numeric,,
UHRSWORKORG,numeric,,
UHRSWORKT,numeric,,
UNION,numeric,,
VETSTAT,numeric,,
WHYABSNT,numeric,,
WHYPTLWK,numeric,,
WHYUNEMP,numeric,,
WKSTAT,numeric,,
WKSWORKORG,numeric,,
WNFTLOOK,numeric,,
WNLOOK,numeric,,
WRKOFFER,numeric,,
WTFINL,numeric,,
YEAR,numeric,,
YRIMMIG,numeric,,
