variable,condition_variable,operator,value
PAGO,PAGO,>=,8.0
PAGOR1,PAGOR1,>=,98.0
PAGOR2,PAGOR2,>=,98.0
PAGO5,PAGO5,>=,8.0
PEXP,PEXP,>=,8.0
PEXP5,PEXP5,>=,8.0
INEXQ1,INEXQ1,>=,8.0
INEXQ2,INEXQ2,>=,98.0
INEXQ2,INEXQ2,>,95.0
INEXQ2,INEXQ2,<,0.0
INEX,INEX,==,-97.0
INEX,INEX,>=,96.0
INEX,INEX,>,95.0
INEX,INEX,<,-95.0
RINC,RINC,>=,8.0
BAGO,BAGO,>=,8.0
BEXP,BEXP,>=,8.0
BUS12,BUS12,>=,8.0
BUS5,BUS5,>=,98.0
NEWS1,NEWS1,>=,98.0
NEWS2,NEWS2,>=,98.0
UNEMP,UNEMP,>=,8.0
GOVT,GOVT,>=,8.0
RATEX,RATEX,>=,8.0
PX1Q1,PX1Q1,>=,8.0
PX1Q2,PX1Q2,>=,98.0
PX1Q2,PX1Q2,>,95.0
PX1Q2,PX1Q2,<,1.0
PX1,PX1,==,-97.0
PX1,PX1,>=,96.0
PX1,PX1,>,95.0
PX1,PX1,<,-95.0
PX5Q1,PX5Q1,>=,8.0
PX5Q2,PX5Q2,>=,98.0
PX5Q2,PX5Q2,>,95.0
PX5Q2,PX5Q2,<,1.0
PX5,PX5,==,-97.0
PX5,PX5,>=,96.0
PX5,PX5,>,95.0
PX5,PX5,<,-95.0
DUR,DUR,>=,8.0
DURRN1,DURRN1,>=,98.0
DURRN2,DURRN2,>=,98.0
HOM,HOM,>=,8.0
HOMRN1,HOMRN1,>=,98.0
HOMRN2,HOMRN2,>=,98.0
SHOM,SHOM,>=,8.0
CAR,CAR,>=,8.0
CARRN1,CARRN1,>=,98.0
CARRN2,CARRN2,>=,98.0
HOMEOWN,HOMEOWN,>=,99.0
HOMEVAL,HOMEVAL,>=,8.0
HOMPX1Q1,HOMPX1Q1,>=,8.0
HOMPX1Q2,HOMPX1Q2,>=,998.0
HOMPX1,HOMPX1,==,-997.0
HOMPX1,HOMPX1,>=,996.0
HOMPX5Q1,HOMPX5Q1,>=,8.0
HOMPX5Q2,HOMPX5Q2,>=,998.0
HOMPX5,HOMPX5,==,-997.0
HOMPX5,HOMPX5,>=,996.0
INVAMT,INVAMT,>=,99999998.0
NUMKID,NUMKID,>,5.0
NUMKID,NUMKID,<,0.0
NUMADT,NUMADT,>,5.0
NUMADT,NUMADT,<,0.0
ECLGRD,ECLGRD,>=,8.0
EHSGRD,EHSGRD,>=,8.0
EGRADE,EGRADE,>=,98.0
EDUCATION,EDUCATION,>=,98.0
VEHOWN,VEHOWN,>=,8.0
VEHNUM,VEHNUM,>=,98.0
GASPX1,GASPX1,>=,8.0
GASPX2,GASPX2,>=,998.0
GASPX2,GASPX2,>,300.0
GASPX2,GASPX2,<,0.0
GAS5,GAS5,==,-997.0
GAS5,GAS5,>=,996.0
GAS5,GAS5,>,300.0
GAS5,GAS5,<,-150.0
GAS1PX1,GAS1PX1,>=,8.0
GAS1PX2,GAS1PX2,>=,998.0
GAS1PX2,GAS1PX2,>,200.0
GAS1PX2,GAS1PX2,<,0.0
GAS1,GAS1,==,-997.0
GAS1,GAS1,>=,996.0
GAS1,GAS1,>,200.0
GAS1,GAS1,<,-100.0
PINC,PINC,>=,998.0
PINC,PINC,>,100.0
PINC,PINC,<,0.0
PINC2,PINC2,>=,998.0
PINC2,PINC2,>,100.0
PINC2,PINC2,<,0.0
PJOB,PJOB,>=,998.0
PJOB,PJOB,>,100.0
PJOB,PJOB,<,0.0
PSSA,PSSA,>=,998.0
PSSA,PSSA,>,100.0
PSSA,PSSA,<,0.0
PCRY,PCRY,>=,8.0
PSTK,PSTK,>=,998.0
