stage,producer,path,kind
1_preprocessing,scripts/1_preprocessing/bea_sainc.py,data/intermediate/bea_sainc_state_annual.parquet,source_intermediate
1_preprocessing,scripts/1_preprocessing/bea_sainc.py,data/intermediate/bea_sainc_us_annual.parquet,source_intermediate
1_preprocessing,scripts/1_preprocessing/bea_sainc.py,output/preprocessing/bea_sainc/build/geography_coverage.csv,source_provenance
1_preprocessing,scripts/1_preprocessing/bea_sainc.py,output/preprocessing/bea_sainc/build/retained_series.csv,source_provenance
1_preprocessing,scripts/1_preprocessing/bea_sainc.py,output/preprocessing/bea_sainc/build/us_coverage.csv,source_provenance
1_preprocessing,scripts/1_preprocessing/bls_laus.py,data/intermediate/bls_laus_state_annual.parquet,source_intermediate
1_preprocessing,scripts/1_preprocessing/bls_laus.py,output/preprocessing/bls_laus/build/coverage.csv,source_provenance
1_preprocessing,scripts/1_preprocessing/bls_laus.py,output/preprocessing/bls_laus/build/series_selection.csv,source_provenance
1_preprocessing,scripts/1_preprocessing/census.py,data/intermediate/census_decennial.parquet,source_intermediate
1_preprocessing,scripts/1_preprocessing/census.py,output/preprocessing/census/build/build_summary.csv,source_provenance
1_preprocessing,scripts/1_preprocessing/census.py,output/preprocessing/census/build/extract_provenance.json,source_provenance
1_preprocessing,scripts/1_preprocessing/census.py,output/preprocessing/census/build/income_censoring_metadata.csv,source_provenance
1_preprocessing,scripts/1_preprocessing/census.py,output/preprocessing/census/build/niu_code_map.csv,source_provenance
1_preprocessing,scripts/1_preprocessing/census.py,output/preprocessing/census/build/niu_recode_counts.csv,source_provenance
1_preprocessing,scripts/1_preprocessing/census.py,output/preprocessing/census/build/sample_counts.csv,source_provenance
1_preprocessing,scripts/1_preprocessing/census.py,output/preprocessing/census/build/structural_missing_recode_counts.csv,source_provenance
1_preprocessing,scripts/1_preprocessing/census.py,output/preprocessing/census/build/variable_availability.csv,source_provenance
1_preprocessing,scripts/1_preprocessing/census.py,output/preprocessing/census/build/year_counts.csv,source_provenance
1_preprocessing,scripts/1_preprocessing/census.py,output/preprocessing/census/build/year_sample_counts.csv,source_provenance
1_preprocessing,scripts/1_preprocessing/cex.py,data/intermediate/cex_interview.parquet,source_intermediate
1_preprocessing,scripts/1_preprocessing/cex.py,output/preprocessing/cex/build/fmli_member_inventory.csv,source_provenance
1_preprocessing,scripts/1_preprocessing/cex.py,output/preprocessing/cex/build/fmli_record_overlap_audit.csv,source_provenance
1_preprocessing,scripts/1_preprocessing/cex.py;scripts/1_preprocessing/cps.py;scripts/1_preprocessing/census.py;scripts/1_preprocessing/psid.py;scripts/1_preprocessing/mich.py;scripts/1_preprocessing/sce.py,output/preprocessing/release_dates/metadata_coverage.csv,source_provenance
1_preprocessing,scripts/1_preprocessing/cex_diary.py,data/intermediate/cex_diary_daily.parquet,source_intermediate
1_preprocessing,scripts/1_preprocessing/cex_diary.py,output/preprocessing/cex_diary/00_pipeline_status.json,source_provenance
1_preprocessing,scripts/1_preprocessing/cex_diary.py,output/preprocessing/cex_diary/build/01_archive_inventory.csv,source_provenance
1_preprocessing,scripts/1_preprocessing/cex_diary.py,output/preprocessing/cex_diary/build/01_documentation_inventory.csv,source_provenance
1_preprocessing,scripts/1_preprocessing/cex_diary.py,output/preprocessing/cex_diary/build/01_member_inventory.csv,source_provenance
1_preprocessing,scripts/1_preprocessing/cex_diary.py,output/preprocessing/cex_diary/build/02_build_manifest.json,source_provenance
1_preprocessing,scripts/1_preprocessing/cex_diary.py,output/preprocessing/cex_diary/build/02_canonical_source_rule.csv,source_provenance
1_preprocessing,scripts/1_preprocessing/cex_diary.py,output/preprocessing/cex_diary/build/02_daily_signed_sum_reconciliation.csv,source_provenance
1_preprocessing,scripts/1_preprocessing/cex_diary.py,output/preprocessing/cex_diary/build/02_expd_mutually_exclusive_accounting.csv,source_provenance
1_preprocessing,scripts/1_preprocessing/cex_diary.py,output/preprocessing/cex_diary/build/02_fixed_width_crosswalk_and_alias_provenance.csv,source_provenance
1_preprocessing,scripts/1_preprocessing/cex_diary.py,output/preprocessing/cex_diary/build/02_fmly_to_seven_day_audit.csv,source_provenance
1_preprocessing,scripts/1_preprocessing/cex_diary.py,output/preprocessing/cex_diary/build/02_intermediate_schema.csv,source_provenance
1_preprocessing,scripts/1_preprocessing/cex_diary.py,output/preprocessing/cex_diary/build/02_key_date_audit.csv,source_provenance
1_preprocessing,scripts/1_preprocessing/cex_diary.py,output/preprocessing/cex_diary/build/02_legacy_strict_1986_1996_compatibility.csv,source_provenance
1_preprocessing,scripts/1_preprocessing/cex_diary.py,output/preprocessing/cex_diary/build/02_measurement_regime_audit.csv,source_provenance
1_preprocessing,scripts/1_preprocessing/cex_diary.py,output/preprocessing/cex_diary/build/02_memb_accounting.csv,source_provenance
1_preprocessing,scripts/1_preprocessing/cex_diary.py,output/preprocessing/cex_diary/build/02_output_hashes.csv,source_provenance
1_preprocessing,scripts/1_preprocessing/cex_diary.py,output/preprocessing/cex_diary/build/02_raw_input_manifest.csv,source_provenance
1_preprocessing,scripts/1_preprocessing/cex_diary.py,output/preprocessing/cex_diary/build/02_ucc_inventory.csv,source_provenance
1_preprocessing,scripts/1_preprocessing/cpi.py,data/intermediate/cpi_major_groups.parquet,source_intermediate
1_preprocessing,scripts/1_preprocessing/cpi.py,output/preprocessing/cpi/build/cex_cpi_coarse_crosswalk.csv,source_provenance
1_preprocessing,scripts/1_preprocessing/cpi.py,output/preprocessing/cpi/build/cpi_series_selection.csv,source_provenance
1_preprocessing,scripts/1_preprocessing/cps.py,data/intermediate/cps_basic.parquet,source_intermediate
1_preprocessing,scripts/1_preprocessing/cps.py,output/preprocessing/cps/build/basic_sample.csv,source_provenance
1_preprocessing,scripts/1_preprocessing/cps.py,output/preprocessing/cps/build/codebook_type_map.csv,source_provenance
1_preprocessing,scripts/1_preprocessing/cps.py,output/preprocessing/cps/build/extract_metadata.csv,source_provenance
1_preprocessing,scripts/1_preprocessing/cps.py,output/preprocessing/cps/build/niu_code_map.csv,source_provenance
1_preprocessing,scripts/1_preprocessing/cps.py,output/preprocessing/cps/build/niu_recode_counts.csv,source_provenance
1_preprocessing,scripts/1_preprocessing/cps.py,output/preprocessing/cps/build/partition_row_counts.csv,source_provenance
1_preprocessing,scripts/1_preprocessing/cps.py,output/preprocessing/cps/build/partition_variable_coverage.csv,source_provenance
1_preprocessing,scripts/1_preprocessing/cps.py,output/preprocessing/cps/build/partition_year_counts.csv,source_provenance
1_preprocessing,scripts/1_preprocessing/cps.py,output/preprocessing/cps/build/year_month_counts.csv,source_provenance
1_preprocessing,scripts/1_preprocessing/cps_ui_policy.py,data/intermediate/cps_ui_policy.parquet,source_intermediate
1_preprocessing,scripts/1_preprocessing/cps_ui_policy.py,output/preprocessing/cps_ui_policy/1_build_summary.csv,source_provenance
1_preprocessing,scripts/1_preprocessing/cps_ui_policy.py,output/preprocessing/cps_ui_policy/1_source_manifest.csv,source_provenance
1_preprocessing,scripts/1_preprocessing/fhfa_hpi.py,data/intermediate/fhfa_hpi_state_annual.parquet,source_intermediate
1_preprocessing,scripts/1_preprocessing/fhfa_hpi.py,data/intermediate/fhfa_hpi_us_annual.parquet,source_intermediate
1_preprocessing,scripts/1_preprocessing/fhfa_hpi.py,output/preprocessing/fhfa_hpi/build/coverage.csv,source_provenance
1_preprocessing,scripts/1_preprocessing/fhfa_hpi.py,output/preprocessing/fhfa_hpi/build/selection_audit.csv,source_provenance
1_preprocessing,scripts/1_preprocessing/fhfa_hpi.py,output/preprocessing/fhfa_hpi/build/us_coverage.csv,source_provenance
1_preprocessing,scripts/1_preprocessing/macro_context.py,data/intermediate/householdbench_macro_context.parquet,source_intermediate
1_preprocessing,scripts/1_preprocessing/macro_context.py,output/preprocessing/macro_context/build/series_coverage.csv,source_provenance
1_preprocessing,scripts/1_preprocessing/macro_context.py,output/preprocessing/macro_context/build/source_manifest.csv,source_provenance
1_preprocessing,scripts/1_preprocessing/mich.py,data/intermediate/mich.parquet,source_intermediate
1_preprocessing,scripts/1_preprocessing/mich.py,output/preprocessing/mich/build/build_summary.csv,source_provenance
1_preprocessing,scripts/1_preprocessing/mich.py,output/preprocessing/mich/build/missing_rule_application.csv,source_provenance
1_preprocessing,scripts/1_preprocessing/mich.py,output/preprocessing/mich/build/panel_linkage.csv,source_provenance
1_preprocessing,scripts/1_preprocessing/mich.py,output/preprocessing/mich/build/variable_concordance.csv,source_provenance
1_preprocessing,scripts/1_preprocessing/mich.py,output/preprocessing/mich/build/variable_dictionary_thematic.csv,source_provenance
1_preprocessing,scripts/1_preprocessing/psid.py,data/intermediate/psid_main.parquet,source_intermediate
1_preprocessing,scripts/1_preprocessing/psid.py,data/intermediate/psid_main_metadata.json,source_intermediate
1_preprocessing,scripts/1_preprocessing/psid.py,output/preprocessing/psid/build/build_summary.csv,source_provenance
1_preprocessing,scripts/1_preprocessing/psid.py,output/preprocessing/psid/build/processing_audit.json,source_provenance
1_preprocessing,scripts/1_preprocessing/psid.py,output/preprocessing/psid/build/subsample_counts.csv,source_provenance
1_preprocessing,scripts/1_preprocessing/psid.py,output/preprocessing/psid/build/variable_inventory.csv,source_provenance
1_preprocessing,scripts/1_preprocessing/psid.py,output/preprocessing/psid/build/year_counts.csv,source_provenance
1_preprocessing,scripts/1_preprocessing/psid.py,output/preprocessing/psid/complete_main_study/00_complete_main_study_crosswalk.csv,source_provenance
1_preprocessing,scripts/1_preprocessing/psid.py,output/preprocessing/psid/complete_main_study/00_complete_main_study_source_inventory.json,source_provenance
1_preprocessing,scripts/1_preprocessing/psid.py,output/preprocessing/psid/complete_main_study/00_enriched_variable_dictionary.csv,source_provenance
1_preprocessing,scripts/1_preprocessing/psid.py,output/preprocessing/psid/complete_main_study/00_job_end_reason_value_labels.csv,source_provenance
1_preprocessing,scripts/1_preprocessing/sce.py,data/intermediate/sce_core.parquet,source_intermediate
1_preprocessing,scripts/1_preprocessing/sce.py,data/intermediate/sce_household_spending.parquet,source_intermediate
1_preprocessing,scripts/1_preprocessing/sce.py,data/intermediate/sce_housing.parquet,source_intermediate
1_preprocessing,scripts/1_preprocessing/sce.py,data/intermediate/sce_job_search.parquet,source_intermediate
1_preprocessing,scripts/1_preprocessing/sce.py,data/intermediate/sce_labor_market.parquet,source_intermediate
1_preprocessing,scripts/1_preprocessing/sce.py,data/intermediate/sce_public_policy.parquet,source_intermediate
1_preprocessing,scripts/1_preprocessing/sce.py,data/intermediate/sce_release_manifest.parquet,source_intermediate
1_preprocessing,scripts/1_preprocessing/sce.py,output/preprocessing/sce/build/build_summary.csv,source_provenance
1_preprocessing,scripts/1_preprocessing/sce.py,output/preprocessing/sce/build/categorical_label_rules.csv,source_provenance
1_preprocessing,scripts/1_preprocessing/sce.py,output/preprocessing/sce/build/harmonization_rules.csv,source_provenance
1_preprocessing,scripts/1_preprocessing/sce.py,output/preprocessing/sce/build/input_file_summary.csv,source_provenance
1_preprocessing,scripts/1_preprocessing/sce.py,output/preprocessing/sce/build/metadata_coverage_audit.csv,source_provenance
1_preprocessing,scripts/1_preprocessing/sce.py,output/preprocessing/sce/build/source_inventory.csv,source_provenance
1_preprocessing,scripts/1_preprocessing/sce.py,output/preprocessing/sce/build/variable_inventory.csv,source_provenance
1_preprocessing,scripts/1_preprocessing/sce_financing.py,data/intermediate/house_sce_financing.parquet,source_intermediate
1_preprocessing,scripts/1_preprocessing/sce_financing.py,output/preprocessing/sce_financing/00_calculator_numerical_audit.csv,source_provenance
1_preprocessing,scripts/1_preprocessing/sce_financing.py,output/preprocessing/sce_financing/00_handoff_summary.csv,source_provenance
1_preprocessing,scripts/1_preprocessing/sce_financing.py,output/preprocessing/sce_financing/00_source_manifest.csv,source_provenance
1_preprocessing,scripts/1_preprocessing/state_macro_panel.py,data/intermediate/state_macro_panel.parquet,source_intermediate
1_preprocessing,scripts/1_preprocessing/state_macro_panel.py,output/preprocessing/state_macro_panel/build/national_coverage.csv,source_provenance
1_preprocessing,scripts/1_preprocessing/state_macro_panel.py,output/preprocessing/state_macro_panel/build/source_coverage.csv,source_provenance
1_preprocessing,scripts/1_preprocessing/state_macro_panel.py,output/preprocessing/state_macro_panel/build/state_match_audit.csv,source_provenance
2_tasks,scripts/2_tasks/cons_cex_categories/01_make_table.py,data/householdbench/tabular/cons_cex_categories.csv,task_table
2_tasks,scripts/2_tasks/cons_cex_categories/01_make_table.py,data/intermediate/householdbench/cons_cex_categories/01_sampling_registry.parquet,sampling_intermediate
2_tasks,scripts/2_tasks/cons_cex_categories/01_make_table.py,data/intermediate/householdbench/cons_cex_categories/01_sampling_summary.csv,sampling_intermediate
2_tasks,scripts/2_tasks/cons_cex_categories/01_make_table.py,output/householdbench/tasks/cons_cex_categories/01_filter_diagnostics.csv,task_construction_diagnostic
2_tasks,scripts/2_tasks/cons_cex_categories/01_make_table.py,output/householdbench/tasks/cons_cex_categories/01_outlier_cutoffs.csv,task_construction_diagnostic
2_tasks,scripts/2_tasks/cons_cex_categories/01_make_table.py,output/householdbench/tasks/cons_cex_categories/01_sample_construction_drop_details.csv,task_construction_diagnostic
2_tasks,scripts/2_tasks/cons_cex_categories/01_make_table.py,output/householdbench/tasks/cons_cex_categories/01_sample_construction_steps.csv,task_construction_diagnostic
2_tasks,scripts/2_tasks/cons_cex_categories/02_render_prompts.py,data/householdbench/prompts/cons_cex_categories.jsonl,task_prompts
2_tasks,scripts/2_tasks/cons_cex_rebate01/01_make_table.py,data/householdbench/tabular/cons_cex_rebate01.csv,task_table
2_tasks,scripts/2_tasks/cons_cex_rebate01/01_make_table.py,data/intermediate/householdbench/cons_cex_rebate01/01_sampling_registry.parquet,sampling_intermediate
2_tasks,scripts/2_tasks/cons_cex_rebate01/01_make_table.py,data/intermediate/householdbench/cons_cex_rebate01/01_sampling_summary.csv,sampling_intermediate
2_tasks,scripts/2_tasks/cons_cex_rebate01/01_make_table.py,output/householdbench/tasks/cons_cex_rebate01/01_descriptives_audit_input.csv,task_construction_diagnostic
2_tasks,scripts/2_tasks/cons_cex_rebate01/01_make_table.py,output/householdbench/tasks/cons_cex_rebate01/01_outlier_cutoffs.csv,task_construction_diagnostic
2_tasks,scripts/2_tasks/cons_cex_rebate01/01_make_table.py,output/householdbench/tasks/cons_cex_rebate01/01_rebate_assignment_details.csv,task_construction_diagnostic
2_tasks,scripts/2_tasks/cons_cex_rebate01/01_make_table.py,output/householdbench/tasks/cons_cex_rebate01/01_rebate_status_summary.csv,task_construction_diagnostic
2_tasks,scripts/2_tasks/cons_cex_rebate01/01_make_table.py,output/householdbench/tasks/cons_cex_rebate01/01_sample_construction_drop_details.csv,task_construction_diagnostic
2_tasks,scripts/2_tasks/cons_cex_rebate01/01_make_table.py,output/householdbench/tasks/cons_cex_rebate01/01_sample_construction_steps.csv,task_construction_diagnostic
2_tasks,scripts/2_tasks/cons_cex_rebate01/02_render_prompts.py,data/householdbench/prompts/cons_cex_rebate01.jsonl,task_prompts
2_tasks,scripts/2_tasks/cons_cex_sspay/01_make_table.py,data/householdbench/tabular/cons_cex_sspay.csv,task_table
2_tasks,scripts/2_tasks/cons_cex_sspay/01_make_table.py,data/intermediate/householdbench/cons_cex_sspay/01_sampling_registry.parquet,sampling_intermediate
2_tasks,scripts/2_tasks/cons_cex_sspay/01_make_table.py,data/intermediate/householdbench/cons_cex_sspay/01_sampling_summary.csv,sampling_intermediate
2_tasks,scripts/2_tasks/cons_cex_sspay/01_make_table.py,output/householdbench/tasks/cons_cex_sspay/01_baseline_invariance_audit.csv,task_construction_diagnostic
2_tasks,scripts/2_tasks/cons_cex_sspay/01_make_table.py,output/householdbench/tasks/cons_cex_sspay/01_benefit_share_validity_audit.csv,task_construction_diagnostic
2_tasks,scripts/2_tasks/cons_cex_sspay/01_make_table.py,output/householdbench/tasks/cons_cex_sspay/01_event_time_plot_inputs.csv,task_construction_diagnostic
2_tasks,scripts/2_tasks/cons_cex_sspay/01_make_table.py,output/householdbench/tasks/cons_cex_sspay/01_grouping_audit.csv,task_construction_diagnostic
2_tasks,scripts/2_tasks/cons_cex_sspay/01_make_table.py,output/householdbench/tasks/cons_cex_sspay/01_history_availability_and_selection.csv,task_construction_diagnostic
2_tasks,scripts/2_tasks/cons_cex_sspay/01_make_table.py,output/householdbench/tasks/cons_cex_sspay/01_intermediate_input_audit.json,task_construction_diagnostic
2_tasks,scripts/2_tasks/cons_cex_sspay/01_make_table.py,output/householdbench/tasks/cons_cex_sspay/01_outlier_cutoffs.csv,task_construction_diagnostic
2_tasks,scripts/2_tasks/cons_cex_sspay/01_make_table.py,output/householdbench/tasks/cons_cex_sspay/01_payment_calendar_audit.csv,task_construction_diagnostic
2_tasks,scripts/2_tasks/cons_cex_sspay/01_make_table.py,output/householdbench/tasks/cons_cex_sspay/01_programme_recipient_audit.csv,task_construction_diagnostic
2_tasks,scripts/2_tasks/cons_cex_sspay/01_make_table.py,output/householdbench/tasks/cons_cex_sspay/01_sample_construction_drop_details.csv,task_construction_diagnostic
2_tasks,scripts/2_tasks/cons_cex_sspay/01_make_table.py,output/householdbench/tasks/cons_cex_sspay/01_sample_construction_entity_counts.csv,task_construction_diagnostic
2_tasks,scripts/2_tasks/cons_cex_sspay/01_make_table.py,output/householdbench/tasks/cons_cex_sspay/01_sample_construction_steps.csv,task_construction_diagnostic
2_tasks,scripts/2_tasks/cons_cex_sspay/01_make_table.py,output/householdbench/tasks/cons_cex_sspay/01_source_entity_audit.csv,task_construction_diagnostic
2_tasks,scripts/2_tasks/cons_cex_sspay/01_make_table.py,output/householdbench/tasks/cons_cex_sspay/01_source_year_coverage_audit.csv,task_construction_diagnostic
2_tasks,scripts/2_tasks/cons_cex_sspay/01_make_table.py,output/householdbench/tasks/cons_cex_sspay/01_target_provenance_audit.csv,task_construction_diagnostic
2_tasks,scripts/2_tasks/cons_cex_sspay/01_make_table.py,output/householdbench/tasks/cons_cex_sspay/01_upper_tail_exclusion_audit.csv,task_construction_diagnostic
2_tasks,scripts/2_tasks/cons_cex_sspay/01_make_table.py,output/householdbench/tasks/cons_cex_sspay/01_variable_manifest.csv,task_construction_diagnostic
2_tasks,scripts/2_tasks/cons_cex_sspay/01_make_table.py,output/householdbench/tasks/cons_cex_sspay/01_weight_audit.csv,task_construction_diagnostic
2_tasks,scripts/2_tasks/cons_cex_sspay/02_render_prompts.py,data/householdbench/prompts/cons_cex_sspay.jsonl,task_prompts
2_tasks,scripts/2_tasks/cons_cex_sspay/02_render_prompts.py,output/householdbench/tasks/cons_cex_sspay/02_model_facing_predictor_registry.csv,prompt_construction_diagnostic
2_tasks,scripts/2_tasks/cons_cex_sspay/02_render_prompts.py,output/householdbench/tasks/cons_cex_sspay/02_rendered_prompt_examples.jsonl,prompt_construction_diagnostic
2_tasks,scripts/2_tasks/cons_cex_stimulus08/01_make_table.py,data/householdbench/tabular/cons_cex_stimulus08.csv,task_table
2_tasks,scripts/2_tasks/cons_cex_stimulus08/01_make_table.py,data/intermediate/householdbench/cons_cex_stimulus08/01_sampling_registry.parquet,sampling_intermediate
2_tasks,scripts/2_tasks/cons_cex_stimulus08/01_make_table.py,data/intermediate/householdbench/cons_cex_stimulus08/01_sampling_summary.csv,sampling_intermediate
2_tasks,scripts/2_tasks/cons_cex_stimulus08/01_make_table.py,output/householdbench/tasks/cons_cex_stimulus08/01_descriptives_audit_input.csv,task_construction_diagnostic
2_tasks,scripts/2_tasks/cons_cex_stimulus08/01_make_table.py,output/householdbench/tasks/cons_cex_stimulus08/01_outlier_cutoffs.csv,task_construction_diagnostic
2_tasks,scripts/2_tasks/cons_cex_stimulus08/01_make_table.py,output/householdbench/tasks/cons_cex_stimulus08/01_sample_construction_drop_details.csv,task_construction_diagnostic
2_tasks,scripts/2_tasks/cons_cex_stimulus08/01_make_table.py,output/householdbench/tasks/cons_cex_stimulus08/01_sample_construction_steps.csv,task_construction_diagnostic
2_tasks,scripts/2_tasks/cons_cex_stimulus08/01_make_table.py,output/householdbench/tasks/cons_cex_stimulus08/01_stimulus_payment_assignment_details.csv,task_construction_diagnostic
2_tasks,scripts/2_tasks/cons_cex_stimulus08/01_make_table.py,output/householdbench/tasks/cons_cex_stimulus08/01_stimulus_timing_summary.csv,task_construction_diagnostic
2_tasks,scripts/2_tasks/cons_cex_stimulus08/02_render_prompts.py,data/householdbench/prompts/cons_cex_stimulus08.jsonl,task_prompts
2_tasks,scripts/2_tasks/cons_cex_total/01_make_table.py,data/householdbench/tabular/cons_cex_total.csv,task_table
2_tasks,scripts/2_tasks/cons_cex_total/01_make_table.py,data/intermediate/householdbench/cons_cex_total/01_sampling_registry.parquet,sampling_intermediate
2_tasks,scripts/2_tasks/cons_cex_total/01_make_table.py,data/intermediate/householdbench/cons_cex_total/01_sampling_summary.csv,sampling_intermediate
2_tasks,scripts/2_tasks/cons_cex_total/01_make_table.py,output/householdbench/tasks/cons_cex_total/01_outlier_cutoffs.csv,task_construction_diagnostic
2_tasks,scripts/2_tasks/cons_cex_total/01_make_table.py,output/householdbench/tasks/cons_cex_total/01_sample_construction_drop_details.csv,task_construction_diagnostic
2_tasks,scripts/2_tasks/cons_cex_total/01_make_table.py,output/householdbench/tasks/cons_cex_total/01_sample_construction_steps.csv,task_construction_diagnostic
2_tasks,scripts/2_tasks/cons_cex_total/02_render_prompts.py,data/householdbench/prompts/cons_cex_total.jsonl,task_prompts
2_tasks,scripts/2_tasks/cons_psid_jobloss/01_make_table.py,data/householdbench/tabular/cons_psid_jobloss.csv,task_table
2_tasks,scripts/2_tasks/cons_psid_jobloss/01_make_table.py,data/intermediate/householdbench/cons_psid_jobloss/01_sampling_registry.parquet,sampling_intermediate
2_tasks,scripts/2_tasks/cons_psid_jobloss/01_make_table.py,data/intermediate/householdbench/cons_psid_jobloss/01_sampling_summary.csv,sampling_intermediate
2_tasks,scripts/2_tasks/cons_psid_jobloss/01_make_table.py,output/householdbench/tasks/cons_psid_jobloss/01_control_candidate_ledger.parquet,task_construction_diagnostic
2_tasks,scripts/2_tasks/cons_psid_jobloss/01_make_table.py,output/householdbench/tasks/cons_psid_jobloss/01_control_sample_waterfall.csv,task_construction_diagnostic
2_tasks,scripts/2_tasks/cons_psid_jobloss/01_make_table.py,output/householdbench/tasks/cons_psid_jobloss/01_event_sample_waterfall.csv,task_construction_diagnostic
2_tasks,scripts/2_tasks/cons_psid_jobloss/01_make_table.py,output/householdbench/tasks/cons_psid_jobloss/01_final_event_invariants.csv,task_construction_diagnostic
2_tasks,scripts/2_tasks/cons_psid_jobloss/01_make_table.py,output/householdbench/tasks/cons_psid_jobloss/01_outlier_cutoffs.csv,task_construction_diagnostic
2_tasks,scripts/2_tasks/cons_psid_jobloss/01_make_table.py,output/householdbench/tasks/cons_psid_jobloss/01_sample_candidate_lineage.csv,task_construction_diagnostic
2_tasks,scripts/2_tasks/cons_psid_jobloss/01_make_table.py,output/householdbench/tasks/cons_psid_jobloss/01_sample_construction_drop_details.csv,task_construction_diagnostic
2_tasks,scripts/2_tasks/cons_psid_jobloss/01_make_table.py,output/householdbench/tasks/cons_psid_jobloss/01_sample_construction_steps.csv,task_construction_diagnostic
2_tasks,scripts/2_tasks/cons_psid_jobloss/02_render_prompts.py,data/householdbench/prompts/cons_psid_jobloss.jsonl,task_prompts
2_tasks,scripts/2_tasks/cons_psid_jobloss/02_render_prompts.py,output/householdbench/tasks/cons_psid_jobloss/02_model_facing_predictor_registry.csv,prompt_construction_diagnostic
2_tasks,scripts/2_tasks/cons_psid_jobloss/02_render_prompts.py,output/householdbench/tasks/cons_psid_jobloss/02_render_hashes.csv,prompt_construction_diagnostic
2_tasks,scripts/2_tasks/cons_psid_jobloss/02_render_prompts.py,output/householdbench/tasks/cons_psid_jobloss/02_representative_prompt_pairs.jsonl,prompt_construction_diagnostic
2_tasks,scripts/2_tasks/cons_psid_wealth/01_make_table.py,data/householdbench/tabular/cons_psid_wealth.csv,task_table
2_tasks,scripts/2_tasks/cons_psid_wealth/01_make_table.py,data/intermediate/householdbench/cons_psid_wealth/01_sampling_registry.parquet,sampling_intermediate
2_tasks,scripts/2_tasks/cons_psid_wealth/01_make_table.py,data/intermediate/householdbench/cons_psid_wealth/01_sampling_summary.csv,sampling_intermediate
2_tasks,scripts/2_tasks/cons_psid_wealth/01_make_table.py,output/householdbench/tasks/cons_psid_wealth/01_outlier_cutoffs.csv,task_construction_diagnostic
2_tasks,scripts/2_tasks/cons_psid_wealth/01_make_table.py,output/householdbench/tasks/cons_psid_wealth/01_sample_construction_drop_details.csv,task_construction_diagnostic
2_tasks,scripts/2_tasks/cons_psid_wealth/01_make_table.py,output/householdbench/tasks/cons_psid_wealth/01_sample_construction_steps.csv,task_construction_diagnostic
2_tasks,scripts/2_tasks/cons_psid_wealth/02_render_prompts.py,data/householdbench/prompts/cons_psid_wealth.jsonl,task_prompts
2_tasks,scripts/2_tasks/cons_sce_growth/01_make_table.py,data/householdbench/tabular/cons_sce_growth.csv,task_table
2_tasks,scripts/2_tasks/cons_sce_growth/01_make_table.py,data/intermediate/householdbench/cons_sce_growth/01_sampling_registry.parquet,sampling_intermediate
2_tasks,scripts/2_tasks/cons_sce_growth/01_make_table.py,data/intermediate/householdbench/cons_sce_growth/01_sampling_summary.csv,sampling_intermediate
2_tasks,scripts/2_tasks/cons_sce_growth/01_make_table.py,output/householdbench/tasks/cons_sce_growth/01_outlier_cutoffs.csv,task_construction_diagnostic
2_tasks,scripts/2_tasks/cons_sce_growth/01_make_table.py,output/householdbench/tasks/cons_sce_growth/01_sample_construction_drop_details.csv,task_construction_diagnostic
2_tasks,scripts/2_tasks/cons_sce_growth/01_make_table.py,output/householdbench/tasks/cons_sce_growth/01_sample_construction_steps.csv,task_construction_diagnostic
2_tasks,scripts/2_tasks/cons_sce_growth/02_render_prompts.py,data/householdbench/prompts/cons_sce_growth.jsonl,task_prompts
2_tasks,scripts/2_tasks/cons_sce_shock/01_make_table.py,data/householdbench/tabular/cons_sce_shock.csv,task_table
2_tasks,scripts/2_tasks/cons_sce_shock/01_make_table.py,data/intermediate/householdbench/cons_sce_shock/01_sampling_registry.parquet,sampling_intermediate
2_tasks,scripts/2_tasks/cons_sce_shock/01_make_table.py,data/intermediate/householdbench/cons_sce_shock/01_sampling_summary.csv,sampling_intermediate
2_tasks,scripts/2_tasks/cons_sce_shock/01_make_table.py,output/householdbench/tasks/cons_sce_shock/01_sample_construction_drop_details.csv,task_construction_diagnostic
2_tasks,scripts/2_tasks/cons_sce_shock/01_make_table.py,output/householdbench/tasks/cons_sce_shock/01_sample_construction_steps.csv,task_construction_diagnostic
2_tasks,scripts/2_tasks/cons_sce_shock/02_render_prompts.py,data/householdbench/prompts/cons_sce_shock.jsonl,task_prompts
2_tasks,scripts/2_tasks/house_census_move/01_make_table.py,data/householdbench/tabular/house_census_move.csv,task_table
2_tasks,scripts/2_tasks/house_census_move/01_make_table.py,data/intermediate/householdbench/house_census_move/01_sampling_registry.parquet,sampling_intermediate
2_tasks,scripts/2_tasks/house_census_move/01_make_table.py,data/intermediate/householdbench/house_census_move/01_sampling_summary.csv,sampling_intermediate
2_tasks,scripts/2_tasks/house_census_move/01_make_table.py,output/householdbench/tasks/house_census_move/01_sample_construction_drop_details.csv,task_construction_diagnostic
2_tasks,scripts/2_tasks/house_census_move/01_make_table.py,output/householdbench/tasks/house_census_move/01_sample_construction_steps.csv,task_construction_diagnostic
2_tasks,scripts/2_tasks/house_census_move/02_render_prompts.py,data/householdbench/prompts/house_census_move.jsonl,task_prompts
2_tasks,scripts/2_tasks/house_psid_owner/01_make_table.py,data/householdbench/tabular/house_psid_owner.csv,task_table
2_tasks,scripts/2_tasks/house_psid_owner/01_make_table.py,data/intermediate/householdbench/house_psid_owner/01_sampling_registry.parquet,sampling_intermediate
2_tasks,scripts/2_tasks/house_psid_owner/01_make_table.py,data/intermediate/householdbench/house_psid_owner/01_sampling_summary.csv,sampling_intermediate
2_tasks,scripts/2_tasks/house_psid_owner/01_make_table.py,output/householdbench/tasks/house_psid_owner/01_outlier_cutoffs.csv,task_construction_diagnostic
2_tasks,scripts/2_tasks/house_psid_owner/01_make_table.py,output/householdbench/tasks/house_psid_owner/01_sample_construction_drop_details.csv,task_construction_diagnostic
2_tasks,scripts/2_tasks/house_psid_owner/01_make_table.py,output/householdbench/tasks/house_psid_owner/01_sample_construction_steps.csv,task_construction_diagnostic
2_tasks,scripts/2_tasks/house_psid_owner/02_render_prompts.py,data/householdbench/prompts/house_psid_owner.jsonl,task_prompts
2_tasks,scripts/2_tasks/house_sce_financing/01_make_table.py,data/householdbench/tabular/house_sce_financing.csv,task_table
2_tasks,scripts/2_tasks/house_sce_financing/01_make_table.py,data/intermediate/householdbench/house_sce_financing/01_sampling_registry.parquet,sampling_intermediate
2_tasks,scripts/2_tasks/house_sce_financing/01_make_table.py,data/intermediate/householdbench/house_sce_financing/01_sampling_summary.csv,sampling_intermediate
2_tasks,scripts/2_tasks/house_sce_financing/01_make_table.py,output/householdbench/tasks/house_sce_financing/01_calculator_assumptions_audit.csv,task_construction_diagnostic
2_tasks,scripts/2_tasks/house_sce_financing/01_make_table.py,output/householdbench/tasks/house_sce_financing/01_experiment_response_bounds_audit.csv,task_construction_diagnostic
2_tasks,scripts/2_tasks/house_sce_financing/01_make_table.py,output/householdbench/tasks/house_sce_financing/01_experiment_scenario_order_audit.csv,task_construction_diagnostic
2_tasks,scripts/2_tasks/house_sce_financing/01_make_table.py,output/householdbench/tasks/house_sce_financing/01_group_split_audit.csv,task_construction_diagnostic
2_tasks,scripts/2_tasks/house_sce_financing/01_make_table.py,output/householdbench/tasks/house_sce_financing/01_outlier_cutoffs.csv,task_construction_diagnostic
2_tasks,scripts/2_tasks/house_sce_financing/01_make_table.py,output/householdbench/tasks/house_sce_financing/01_outlier_trigger_list.csv,task_construction_diagnostic
2_tasks,scripts/2_tasks/house_sce_financing/01_make_table.py,output/householdbench/tasks/house_sce_financing/01_predictor_completeness_audit.csv,task_construction_diagnostic
2_tasks,scripts/2_tasks/house_sce_financing/01_make_table.py,output/householdbench/tasks/house_sce_financing/01_predictor_manifest.csv,task_construction_diagnostic
2_tasks,scripts/2_tasks/house_sce_financing/01_make_table.py,output/householdbench/tasks/house_sce_financing/01_sample_construction_drop_details.csv,task_construction_diagnostic
2_tasks,scripts/2_tasks/house_sce_financing/01_make_table.py,output/householdbench/tasks/house_sce_financing/01_sample_construction_entity_counts.csv,task_construction_diagnostic
2_tasks,scripts/2_tasks/house_sce_financing/01_make_table.py,output/householdbench/tasks/house_sce_financing/01_sample_construction_steps.csv,task_construction_diagnostic
2_tasks,scripts/2_tasks/house_sce_financing/01_make_table.py,output/householdbench/tasks/house_sce_financing/01_source_lineage.csv,task_construction_diagnostic
2_tasks,scripts/2_tasks/house_sce_financing/01_make_table.py,output/householdbench/tasks/house_sce_financing/01_source_to_analysis_crosswalk.csv,task_construction_diagnostic
2_tasks,scripts/2_tasks/house_sce_financing/02_render_prompts.py,data/householdbench/prompts/house_sce_financing.jsonl,task_prompts
2_tasks,scripts/2_tasks/house_sce_financing/02_render_prompts.py,output/householdbench/tasks/house_sce_financing/02_representative_prompt_coverage.csv,prompt_construction_diagnostic
2_tasks,scripts/2_tasks/house_sce_financing/02_render_prompts.py,output/householdbench/tasks/house_sce_financing/02_representative_prompt_pairs.jsonl,prompt_construction_diagnostic
2_tasks,scripts/2_tasks/house_sce_lockin/01_make_table.py,data/householdbench/tabular/house_sce_lockin.csv,task_table
2_tasks,scripts/2_tasks/house_sce_lockin/01_make_table.py,data/intermediate/householdbench/house_sce_lockin/01_sampling_registry.parquet,sampling_intermediate
2_tasks,scripts/2_tasks/house_sce_lockin/01_make_table.py,data/intermediate/householdbench/house_sce_lockin/01_sampling_summary.csv,sampling_intermediate
2_tasks,scripts/2_tasks/house_sce_lockin/01_make_table.py,output/householdbench/tasks/house_sce_lockin/01_outlier_cutoffs.csv,task_construction_diagnostic
2_tasks,scripts/2_tasks/house_sce_lockin/01_make_table.py,output/householdbench/tasks/house_sce_lockin/01_sample_construction_drop_details.csv,task_construction_diagnostic
2_tasks,scripts/2_tasks/house_sce_lockin/01_make_table.py,output/householdbench/tasks/house_sce_lockin/01_sample_construction_steps.csv,task_construction_diagnostic
2_tasks,scripts/2_tasks/house_sce_lockin/02_render_prompts.py,data/householdbench/prompts/house_sce_lockin.jsonl,task_prompts
2_tasks,scripts/2_tasks/house_sce_move/01_make_table.py,data/householdbench/tabular/house_sce_move.csv,task_table
2_tasks,scripts/2_tasks/house_sce_move/01_make_table.py,data/intermediate/householdbench/house_sce_move/01_sampling_registry.parquet,sampling_intermediate
2_tasks,scripts/2_tasks/house_sce_move/01_make_table.py,data/intermediate/householdbench/house_sce_move/01_sampling_summary.csv,sampling_intermediate
2_tasks,scripts/2_tasks/house_sce_move/01_make_table.py,output/householdbench/tasks/house_sce_move/01_sample_construction_drop_details.csv,task_construction_diagnostic
2_tasks,scripts/2_tasks/house_sce_move/01_make_table.py,output/householdbench/tasks/house_sce_move/01_sample_construction_steps.csv,task_construction_diagnostic
2_tasks,scripts/2_tasks/house_sce_move/02_render_prompts.py,data/householdbench/prompts/house_sce_move.jsonl,task_prompts
2_tasks,scripts/2_tasks/income_cps_displace/01_make_table.py,data/householdbench/tabular/income_cps_displace.csv,task_table
2_tasks,scripts/2_tasks/income_cps_displace/01_make_table.py,data/intermediate/householdbench/income_cps_displace/01_sampling_registry.parquet,sampling_intermediate
2_tasks,scripts/2_tasks/income_cps_displace/01_make_table.py,data/intermediate/householdbench/income_cps_displace/01_sampling_summary.csv,sampling_intermediate
2_tasks,scripts/2_tasks/income_cps_displace/01_make_table.py,output/householdbench/tasks/income_cps_displace/01_outlier_cutoffs.csv,task_construction_diagnostic
2_tasks,scripts/2_tasks/income_cps_displace/01_make_table.py,output/householdbench/tasks/income_cps_displace/01_sample_construction_drop_details.csv,task_construction_diagnostic
2_tasks,scripts/2_tasks/income_cps_displace/01_make_table.py,output/householdbench/tasks/income_cps_displace/01_sample_construction_steps.csv,task_construction_diagnostic
2_tasks,scripts/2_tasks/income_cps_displace/02_render_prompts.py,data/householdbench/prompts/income_cps_displace.jsonl,task_prompts
2_tasks,scripts/2_tasks/income_mich_finance/01_make_table.py,data/householdbench/tabular/income_mich_finance.csv,task_table
2_tasks,scripts/2_tasks/income_mich_finance/01_make_table.py,data/intermediate/householdbench/income_mich_finance/01_sampling_registry.parquet,sampling_intermediate
2_tasks,scripts/2_tasks/income_mich_finance/01_make_table.py,data/intermediate/householdbench/income_mich_finance/01_sampling_summary.csv,sampling_intermediate
2_tasks,scripts/2_tasks/income_mich_finance/01_make_table.py,output/householdbench/tasks/income_mich_finance/01_outlier_cutoffs.csv,task_construction_diagnostic
2_tasks,scripts/2_tasks/income_mich_finance/01_make_table.py,output/householdbench/tasks/income_mich_finance/01_release_date_source_counts.csv,task_construction_diagnostic
2_tasks,scripts/2_tasks/income_mich_finance/01_make_table.py,output/householdbench/tasks/income_mich_finance/01_sample_construction_drop_details.csv,task_construction_diagnostic
2_tasks,scripts/2_tasks/income_mich_finance/01_make_table.py,output/householdbench/tasks/income_mich_finance/01_sample_construction_steps.csv,task_construction_diagnostic
2_tasks,scripts/2_tasks/income_mich_finance/02_render_prompts.py,data/householdbench/prompts/income_mich_finance.jsonl,task_prompts
2_tasks,scripts/2_tasks/income_psid_earnings/01_make_table.py,data/householdbench/tabular/income_psid_earnings.csv,task_table
2_tasks,scripts/2_tasks/income_psid_earnings/01_make_table.py,data/intermediate/householdbench/income_psid_earnings/01_sampling_registry.parquet,sampling_intermediate
2_tasks,scripts/2_tasks/income_psid_earnings/01_make_table.py,data/intermediate/householdbench/income_psid_earnings/01_sampling_summary.csv,sampling_intermediate
2_tasks,scripts/2_tasks/income_psid_earnings/01_make_table.py,output/householdbench/tasks/income_psid_earnings/01_outlier_cutoffs.csv,task_construction_diagnostic
2_tasks,scripts/2_tasks/income_psid_earnings/01_make_table.py,output/householdbench/tasks/income_psid_earnings/01_sample_construction_drop_details.csv,task_construction_diagnostic
2_tasks,scripts/2_tasks/income_psid_earnings/01_make_table.py,output/householdbench/tasks/income_psid_earnings/01_sample_construction_steps.csv,task_construction_diagnostic
2_tasks,scripts/2_tasks/income_psid_earnings/02_render_prompts.py,data/householdbench/prompts/income_psid_earnings.jsonl,task_prompts
2_tasks,scripts/2_tasks/income_sce_growth/01_make_table.py,data/householdbench/tabular/income_sce_growth.csv,task_table
2_tasks,scripts/2_tasks/income_sce_growth/01_make_table.py,data/intermediate/householdbench/income_sce_growth/01_sampling_registry.parquet,sampling_intermediate
2_tasks,scripts/2_tasks/income_sce_growth/01_make_table.py,data/intermediate/householdbench/income_sce_growth/01_sampling_summary.csv,sampling_intermediate
2_tasks,scripts/2_tasks/income_sce_growth/01_make_table.py,output/householdbench/tasks/income_sce_growth/01_outlier_cutoffs.csv,task_construction_diagnostic
2_tasks,scripts/2_tasks/income_sce_growth/01_make_table.py,output/householdbench/tasks/income_sce_growth/01_sample_construction_drop_details.csv,task_construction_diagnostic
2_tasks,scripts/2_tasks/income_sce_growth/01_make_table.py,output/householdbench/tasks/income_sce_growth/01_sample_construction_steps.csv,task_construction_diagnostic
2_tasks,scripts/2_tasks/income_sce_growth/02_render_prompts.py,data/householdbench/prompts/income_sce_growth.jsonl,task_prompts
2_tasks,scripts/2_tasks/income_sce_policy/01_make_table.py,data/householdbench/tabular/income_sce_policy.csv,task_table
2_tasks,scripts/2_tasks/income_sce_policy/01_make_table.py,data/intermediate/householdbench/income_sce_policy/01_sampling_registry.parquet,sampling_intermediate
2_tasks,scripts/2_tasks/income_sce_policy/01_make_table.py,data/intermediate/householdbench/income_sce_policy/01_sampling_summary.csv,sampling_intermediate
2_tasks,scripts/2_tasks/income_sce_policy/01_make_table.py,output/householdbench/tasks/income_sce_policy/01_sample_construction_drop_details.csv,task_construction_diagnostic
2_tasks,scripts/2_tasks/income_sce_policy/01_make_table.py,output/householdbench/tasks/income_sce_policy/01_sample_construction_steps.csv,task_construction_diagnostic
2_tasks,scripts/2_tasks/income_sce_policy/02_render_prompts.py,data/householdbench/prompts/income_sce_policy.jsonl,task_prompts
2_tasks,scripts/2_tasks/labor_cps_displace/01_make_table.py,data/householdbench/tabular/labor_cps_displace.csv,task_table
2_tasks,scripts/2_tasks/labor_cps_displace/01_make_table.py,data/intermediate/householdbench/labor_cps_displace/01_sampling_registry.parquet,sampling_intermediate
2_tasks,scripts/2_tasks/labor_cps_displace/01_make_table.py,data/intermediate/householdbench/labor_cps_displace/01_sampling_summary.csv,sampling_intermediate
2_tasks,scripts/2_tasks/labor_cps_displace/01_make_table.py,output/householdbench/tasks/labor_cps_displace/01_sample_construction_drop_details.csv,task_construction_diagnostic
2_tasks,scripts/2_tasks/labor_cps_displace/01_make_table.py,output/householdbench/tasks/labor_cps_displace/01_sample_construction_steps.csv,task_construction_diagnostic
2_tasks,scripts/2_tasks/labor_cps_displace/02_render_prompts.py,data/householdbench/prompts/labor_cps_displace.jsonl,task_prompts
2_tasks,scripts/2_tasks/labor_cps_jobfind/01_make_table.py,data/householdbench/tabular/labor_cps_jobfind.csv,task_table
2_tasks,scripts/2_tasks/labor_cps_jobfind/01_make_table.py,data/intermediate/householdbench/labor_cps_jobfind/01_sampling_registry.parquet,sampling_intermediate
2_tasks,scripts/2_tasks/labor_cps_jobfind/01_make_table.py,data/intermediate/householdbench/labor_cps_jobfind/01_sampling_summary.csv,sampling_intermediate
2_tasks,scripts/2_tasks/labor_cps_jobfind/01_make_table.py,output/householdbench/tasks/labor_cps_jobfind/01_sample_construction_drop_details.csv,task_construction_diagnostic
2_tasks,scripts/2_tasks/labor_cps_jobfind/01_make_table.py,output/householdbench/tasks/labor_cps_jobfind/01_sample_construction_steps.csv,task_construction_diagnostic
2_tasks,scripts/2_tasks/labor_cps_jobfind/02_render_prompts.py,data/householdbench/prompts/labor_cps_jobfind.jsonl,task_prompts
2_tasks,scripts/2_tasks/labor_cps_retire/01_make_table.py,data/householdbench/tabular/labor_cps_retire.csv,task_table
2_tasks,scripts/2_tasks/labor_cps_retire/01_make_table.py,data/intermediate/householdbench/labor_cps_retire/01_sampling_registry.parquet,sampling_intermediate
2_tasks,scripts/2_tasks/labor_cps_retire/01_make_table.py,data/intermediate/householdbench/labor_cps_retire/01_sampling_summary.csv,sampling_intermediate
2_tasks,scripts/2_tasks/labor_cps_retire/01_make_table.py,output/householdbench/tasks/labor_cps_retire/01_outlier_cutoffs.csv,task_construction_diagnostic
2_tasks,scripts/2_tasks/labor_cps_retire/01_make_table.py,output/householdbench/tasks/labor_cps_retire/01_sample_construction_drop_details.csv,task_construction_diagnostic
2_tasks,scripts/2_tasks/labor_cps_retire/01_make_table.py,output/householdbench/tasks/labor_cps_retire/01_sample_construction_steps.csv,task_construction_diagnostic
2_tasks,scripts/2_tasks/labor_cps_retire/01_make_table.py,output/householdbench/tasks/labor_cps_retire/01_target_availability_diagnostics.csv,task_construction_diagnostic
2_tasks,scripts/2_tasks/labor_cps_retire/02_render_prompts.py,data/householdbench/prompts/labor_cps_retire.jsonl,task_prompts
2_tasks,scripts/2_tasks/labor_cps_separation/01_make_table.py,data/householdbench/tabular/labor_cps_separation.csv,task_table
2_tasks,scripts/2_tasks/labor_cps_separation/01_make_table.py,data/intermediate/householdbench/labor_cps_separation/01_sampling_registry.parquet,sampling_intermediate
2_tasks,scripts/2_tasks/labor_cps_separation/01_make_table.py,data/intermediate/householdbench/labor_cps_separation/01_sampling_summary.csv,sampling_intermediate
2_tasks,scripts/2_tasks/labor_cps_separation/01_make_table.py,output/householdbench/tasks/labor_cps_separation/01_sample_construction_drop_details.csv,task_construction_diagnostic
2_tasks,scripts/2_tasks/labor_cps_separation/01_make_table.py,output/householdbench/tasks/labor_cps_separation/01_sample_construction_steps.csv,task_construction_diagnostic
2_tasks,scripts/2_tasks/labor_cps_separation/02_render_prompts.py,data/householdbench/prompts/labor_cps_separation.jsonl,task_prompts
2_tasks,scripts/2_tasks/labor_cps_ui/01_make_table.py,data/householdbench/tabular/labor_cps_ui.csv,task_table
2_tasks,scripts/2_tasks/labor_cps_ui/01_make_table.py,data/intermediate/householdbench/labor_cps_ui/01_sampling_registry.parquet,sampling_intermediate
2_tasks,scripts/2_tasks/labor_cps_ui/01_make_table.py,data/intermediate/householdbench/labor_cps_ui/01_sampling_summary.csv,sampling_intermediate
2_tasks,scripts/2_tasks/labor_cps_ui/01_make_table.py,output/householdbench/tasks/labor_cps_ui/01_conditional_field_coverage.csv,task_construction_diagnostic
2_tasks,scripts/2_tasks/labor_cps_ui/01_make_table.py,output/householdbench/tasks/labor_cps_ui/01_match_rates.csv,task_construction_diagnostic
2_tasks,scripts/2_tasks/labor_cps_ui/01_make_table.py,output/householdbench/tasks/labor_cps_ui/01_policy_panel_audit.csv,task_construction_diagnostic
2_tasks,scripts/2_tasks/labor_cps_ui/01_make_table.py,output/householdbench/tasks/labor_cps_ui/01_predictor_manifest.csv,task_construction_diagnostic
2_tasks,scripts/2_tasks/labor_cps_ui/01_make_table.py,output/householdbench/tasks/labor_cps_ui/01_sample_construction_drop_details.csv,task_construction_diagnostic
2_tasks,scripts/2_tasks/labor_cps_ui/01_make_table.py,output/householdbench/tasks/labor_cps_ui/01_sample_construction_steps.csv,task_construction_diagnostic
2_tasks,scripts/2_tasks/labor_cps_ui/01_make_table.py,output/householdbench/tasks/labor_cps_ui/01_selection_rates_by_dimension.csv,task_construction_diagnostic
2_tasks,scripts/2_tasks/labor_cps_ui/01_make_table.py,output/householdbench/tasks/labor_cps_ui/01_source_inventory.csv,task_construction_diagnostic
2_tasks,scripts/2_tasks/labor_cps_ui/01_make_table.py,output/householdbench/tasks/labor_cps_ui/01_source_variable_crosswalk.csv,task_construction_diagnostic
2_tasks,scripts/2_tasks/labor_cps_ui/02_render_prompts.py,data/householdbench/prompts/labor_cps_ui.jsonl,task_prompts
2_tasks,scripts/2_tasks/labor_cps_ui/02_render_prompts.py,output/householdbench/tasks/labor_cps_ui/02_model_facing_predictor_registry.csv,prompt_construction_diagnostic
2_tasks,scripts/2_tasks/labor_cps_ui/02_render_prompts.py,output/householdbench/tasks/labor_cps_ui/02_representative_prompt_pairs.jsonl,prompt_construction_diagnostic
2_tasks,scripts/2_tasks/labor_psid_addedworker/01_make_table.py,data/householdbench/tabular/labor_psid_addedworker.csv,task_table
2_tasks,scripts/2_tasks/labor_psid_addedworker/01_make_table.py,data/intermediate/householdbench/labor_psid_addedworker/01_sampling_registry.parquet,sampling_intermediate
2_tasks,scripts/2_tasks/labor_psid_addedworker/01_make_table.py,data/intermediate/householdbench/labor_psid_addedworker/01_sampling_summary.csv,sampling_intermediate
2_tasks,scripts/2_tasks/labor_psid_addedworker/01_make_table.py,output/householdbench/tasks/labor_psid_addedworker/01_event_candidate_ledger.csv,task_construction_diagnostic
2_tasks,scripts/2_tasks/labor_psid_addedworker/01_make_table.py,output/householdbench/tasks/labor_psid_addedworker/01_final_event_invariants.csv,task_construction_diagnostic
2_tasks,scripts/2_tasks/labor_psid_addedworker/01_make_table.py,output/householdbench/tasks/labor_psid_addedworker/01_outlier_cutoffs.csv,task_construction_diagnostic
2_tasks,scripts/2_tasks/labor_psid_addedworker/01_make_table.py,output/householdbench/tasks/labor_psid_addedworker/01_sample_construction_drop_details.csv,task_construction_diagnostic
2_tasks,scripts/2_tasks/labor_psid_addedworker/01_make_table.py,output/householdbench/tasks/labor_psid_addedworker/01_sample_construction_steps.csv,task_construction_diagnostic
2_tasks,scripts/2_tasks/labor_psid_addedworker/02_render_prompts.py,data/householdbench/prompts/labor_psid_addedworker.jsonl,task_prompts
2_tasks,scripts/2_tasks/labor_psid_addedworker/02_render_prompts.py,output/householdbench/tasks/labor_psid_addedworker/02_model_facing_predictor_registry.csv,prompt_construction_diagnostic
2_tasks,scripts/2_tasks/labor_psid_addedworker/02_render_prompts.py,output/householdbench/tasks/labor_psid_addedworker/02_render_hashes.csv,prompt_construction_diagnostic
2_tasks,scripts/2_tasks/labor_psid_addedworker/02_render_prompts.py,output/householdbench/tasks/labor_psid_addedworker/02_representative_prompt_pairs.jsonl,prompt_construction_diagnostic
2_tasks,scripts/2_tasks/labor_sce_offer/01_make_table.py,data/householdbench/tabular/labor_sce_offer.csv,task_table
2_tasks,scripts/2_tasks/labor_sce_offer/01_make_table.py,data/intermediate/householdbench/labor_sce_offer/01_sampling_registry.parquet,sampling_intermediate
2_tasks,scripts/2_tasks/labor_sce_offer/01_make_table.py,data/intermediate/householdbench/labor_sce_offer/01_sampling_summary.csv,sampling_intermediate
2_tasks,scripts/2_tasks/labor_sce_offer/01_make_table.py,output/householdbench/tasks/labor_sce_offer/01_outlier_cutoffs.csv,task_construction_diagnostic
2_tasks,scripts/2_tasks/labor_sce_offer/01_make_table.py,output/householdbench/tasks/labor_sce_offer/01_sample_construction_drop_details.csv,task_construction_diagnostic
2_tasks,scripts/2_tasks/labor_sce_offer/01_make_table.py,output/householdbench/tasks/labor_sce_offer/01_sample_construction_steps.csv,task_construction_diagnostic
2_tasks,scripts/2_tasks/labor_sce_offer/02_render_prompts.py,data/householdbench/prompts/labor_sce_offer.jsonl,task_prompts
2_tasks,scripts/2_tasks/labor_sce_reswage/01_make_table.py,data/householdbench/tabular/labor_sce_reswage.csv,task_table
2_tasks,scripts/2_tasks/labor_sce_reswage/01_make_table.py,data/intermediate/householdbench/labor_sce_reswage/01_sampling_registry.parquet,sampling_intermediate
2_tasks,scripts/2_tasks/labor_sce_reswage/01_make_table.py,data/intermediate/householdbench/labor_sce_reswage/01_sampling_summary.csv,sampling_intermediate
2_tasks,scripts/2_tasks/labor_sce_reswage/01_make_table.py,output/householdbench/tasks/labor_sce_reswage/01_outlier_cutoffs.csv,task_construction_diagnostic
2_tasks,scripts/2_tasks/labor_sce_reswage/01_make_table.py,output/householdbench/tasks/labor_sce_reswage/01_sample_construction_drop_details.csv,task_construction_diagnostic
2_tasks,scripts/2_tasks/labor_sce_reswage/01_make_table.py,output/householdbench/tasks/labor_sce_reswage/01_sample_construction_steps.csv,task_construction_diagnostic
2_tasks,scripts/2_tasks/labor_sce_reswage/02_render_prompts.py,data/householdbench/prompts/labor_sce_reswage.jsonl,task_prompts
2_tasks,scripts/2_tasks/labor_sce_risk/01_make_table.py,data/householdbench/tabular/labor_sce_risk.csv,task_table
2_tasks,scripts/2_tasks/labor_sce_risk/01_make_table.py,data/intermediate/householdbench/labor_sce_risk/01_sampling_registry.parquet,sampling_intermediate
2_tasks,scripts/2_tasks/labor_sce_risk/01_make_table.py,data/intermediate/householdbench/labor_sce_risk/01_sampling_summary.csv,sampling_intermediate
2_tasks,scripts/2_tasks/labor_sce_risk/01_make_table.py,output/householdbench/tasks/labor_sce_risk/01_sample_construction_drop_details.csv,task_construction_diagnostic
2_tasks,scripts/2_tasks/labor_sce_risk/01_make_table.py,output/householdbench/tasks/labor_sce_risk/01_sample_construction_steps.csv,task_construction_diagnostic
2_tasks,scripts/2_tasks/labor_sce_risk/02_render_prompts.py,data/householdbench/prompts/labor_sce_risk.jsonl,task_prompts
2_tasks,scripts/2_tasks/labor_sce_search/01_make_table.py,data/householdbench/tabular/labor_sce_search.csv,task_table
2_tasks,scripts/2_tasks/labor_sce_search/01_make_table.py,data/intermediate/householdbench/labor_sce_search/01_sampling_registry.parquet,sampling_intermediate
2_tasks,scripts/2_tasks/labor_sce_search/01_make_table.py,data/intermediate/householdbench/labor_sce_search/01_sampling_summary.csv,sampling_intermediate
2_tasks,scripts/2_tasks/labor_sce_search/01_make_table.py,output/householdbench/tasks/labor_sce_search/01_sample_construction_drop_details.csv,task_construction_diagnostic
2_tasks,scripts/2_tasks/labor_sce_search/01_make_table.py,output/householdbench/tasks/labor_sce_search/01_sample_construction_steps.csv,task_construction_diagnostic
2_tasks,scripts/2_tasks/labor_sce_search/02_render_prompts.py,data/householdbench/prompts/labor_sce_search.jsonl,task_prompts
2_tasks,scripts/2_tasks/macro_mich_outlook/01_make_table.py,data/householdbench/tabular/macro_mich_outlook.csv,task_table
2_tasks,scripts/2_tasks/macro_mich_outlook/01_make_table.py,data/intermediate/householdbench/macro_mich_outlook/01_sampling_registry.parquet,sampling_intermediate
2_tasks,scripts/2_tasks/macro_mich_outlook/01_make_table.py,data/intermediate/householdbench/macro_mich_outlook/01_sampling_summary.csv,sampling_intermediate
2_tasks,scripts/2_tasks/macro_mich_outlook/01_make_table.py,output/householdbench/tasks/macro_mich_outlook/01_outlier_cutoffs.csv,task_construction_diagnostic
2_tasks,scripts/2_tasks/macro_mich_outlook/01_make_table.py,output/householdbench/tasks/macro_mich_outlook/01_panel_gap_distribution.csv,task_construction_diagnostic
2_tasks,scripts/2_tasks/macro_mich_outlook/01_make_table.py,output/householdbench/tasks/macro_mich_outlook/01_panel_link_reconciliation.csv,task_construction_diagnostic
2_tasks,scripts/2_tasks/macro_mich_outlook/01_make_table.py,output/householdbench/tasks/macro_mich_outlook/01_panel_wave_distribution.csv,task_construction_diagnostic
2_tasks,scripts/2_tasks/macro_mich_outlook/01_make_table.py,output/householdbench/tasks/macro_mich_outlook/01_release_date_source_counts.csv,task_construction_diagnostic
2_tasks,scripts/2_tasks/macro_mich_outlook/01_make_table.py,output/householdbench/tasks/macro_mich_outlook/01_sample_construction_drop_details.csv,task_construction_diagnostic
2_tasks,scripts/2_tasks/macro_mich_outlook/01_make_table.py,output/householdbench/tasks/macro_mich_outlook/01_sample_construction_steps.csv,task_construction_diagnostic
2_tasks,scripts/2_tasks/macro_mich_outlook/02_render_prompts.py,data/householdbench/prompts/macro_mich_outlook.jsonl,task_prompts
2_tasks,scripts/2_tasks/macro_sce_revision/01_make_table.py,data/householdbench/tabular/macro_sce_revision.csv,task_table
2_tasks,scripts/2_tasks/macro_sce_revision/01_make_table.py,data/intermediate/householdbench/macro_sce_revision/01_sampling_registry.parquet,sampling_intermediate
2_tasks,scripts/2_tasks/macro_sce_revision/01_make_table.py,data/intermediate/householdbench/macro_sce_revision/01_sampling_summary.csv,sampling_intermediate
2_tasks,scripts/2_tasks/macro_sce_revision/01_make_table.py,output/householdbench/tasks/macro_sce_revision/01_outlier_cutoffs.csv,task_construction_diagnostic
2_tasks,scripts/2_tasks/macro_sce_revision/01_make_table.py,output/householdbench/tasks/macro_sce_revision/01_sample_construction_drop_details.csv,task_construction_diagnostic
2_tasks,scripts/2_tasks/macro_sce_revision/01_make_table.py,output/householdbench/tasks/macro_sce_revision/01_sample_construction_steps.csv,task_construction_diagnostic
2_tasks,scripts/2_tasks/macro_sce_revision/02_render_prompts.py,data/householdbench/prompts/macro_sce_revision.jsonl,task_prompts
2_tasks,scripts/2_tasks/macro_sce_uncertainty/01_make_table.py,data/householdbench/tabular/macro_sce_uncertainty.csv,task_table
2_tasks,scripts/2_tasks/macro_sce_uncertainty/01_make_table.py,data/intermediate/householdbench/macro_sce_uncertainty/01_sampling_registry.parquet,sampling_intermediate
2_tasks,scripts/2_tasks/macro_sce_uncertainty/01_make_table.py,data/intermediate/householdbench/macro_sce_uncertainty/01_sampling_summary.csv,sampling_intermediate
2_tasks,scripts/2_tasks/macro_sce_uncertainty/01_make_table.py,output/householdbench/tasks/macro_sce_uncertainty/01_auxiliary_diagnostics.csv,task_construction_diagnostic
2_tasks,scripts/2_tasks/macro_sce_uncertainty/01_make_table.py,output/householdbench/tasks/macro_sce_uncertainty/01_outlier_cutoffs.csv,task_construction_diagnostic
2_tasks,scripts/2_tasks/macro_sce_uncertainty/01_make_table.py,output/householdbench/tasks/macro_sce_uncertainty/01_sample_construction_drop_details.csv,task_construction_diagnostic
2_tasks,scripts/2_tasks/macro_sce_uncertainty/01_make_table.py,output/householdbench/tasks/macro_sce_uncertainty/01_sample_construction_steps.csv,task_construction_diagnostic
2_tasks,scripts/2_tasks/macro_sce_uncertainty/02_render_prompts.py,data/householdbench/prompts/macro_sce_uncertainty.jsonl,task_prompts
2_tasks,scripts/2_tasks/select_evalsample.py,data/householdbench_evalsample/manifest.csv,evaluation_sample_provenance
2_tasks,scripts/2_tasks/select_evalsample.py,data/householdbench_evalsample/post_cutoff/cons_sce_growth.jsonl,evaluation_prompts
2_tasks,scripts/2_tasks/select_evalsample.py,data/householdbench_evalsample/post_cutoff/cons_sce_shock.jsonl,evaluation_prompts
2_tasks,scripts/2_tasks/select_evalsample.py,data/householdbench_evalsample/post_cutoff/house_sce_move.jsonl,evaluation_prompts
2_tasks,scripts/2_tasks/select_evalsample.py,data/householdbench_evalsample/post_cutoff/income_mich_finance.jsonl,evaluation_prompts
2_tasks,scripts/2_tasks/select_evalsample.py,data/householdbench_evalsample/post_cutoff/income_sce_growth.jsonl,evaluation_prompts
2_tasks,scripts/2_tasks/select_evalsample.py,data/householdbench_evalsample/post_cutoff/labor_cps_jobfind.jsonl,evaluation_prompts
2_tasks,scripts/2_tasks/select_evalsample.py,data/householdbench_evalsample/post_cutoff/labor_cps_retire.jsonl,evaluation_prompts
2_tasks,scripts/2_tasks/select_evalsample.py,data/householdbench_evalsample/post_cutoff/labor_cps_separation.jsonl,evaluation_prompts
2_tasks,scripts/2_tasks/select_evalsample.py,data/householdbench_evalsample/post_cutoff/labor_sce_risk.jsonl,evaluation_prompts
2_tasks,scripts/2_tasks/select_evalsample.py,data/householdbench_evalsample/post_cutoff/labor_sce_search.jsonl,evaluation_prompts
2_tasks,scripts/2_tasks/select_evalsample.py,data/householdbench_evalsample/post_cutoff/macro_mich_outlook.jsonl,evaluation_prompts
2_tasks,scripts/2_tasks/select_evalsample.py,data/householdbench_evalsample/post_cutoff/macro_sce_revision.jsonl,evaluation_prompts
2_tasks,scripts/2_tasks/select_evalsample.py,data/householdbench_evalsample/post_cutoff/macro_sce_uncertainty.jsonl,evaluation_prompts
2_tasks,scripts/2_tasks/select_evalsample.py,data/householdbench_evalsample/pre_cutoff/cons_cex_categories.jsonl,evaluation_prompts
2_tasks,scripts/2_tasks/select_evalsample.py,data/householdbench_evalsample/pre_cutoff/cons_cex_rebate01.jsonl,evaluation_prompts
2_tasks,scripts/2_tasks/select_evalsample.py,data/householdbench_evalsample/pre_cutoff/cons_cex_sspay.jsonl,evaluation_prompts
2_tasks,scripts/2_tasks/select_evalsample.py,data/householdbench_evalsample/pre_cutoff/cons_cex_stimulus08.jsonl,evaluation_prompts
2_tasks,scripts/2_tasks/select_evalsample.py,data/householdbench_evalsample/pre_cutoff/cons_cex_total.jsonl,evaluation_prompts
2_tasks,scripts/2_tasks/select_evalsample.py,data/householdbench_evalsample/pre_cutoff/cons_psid_jobloss.jsonl,evaluation_prompts
2_tasks,scripts/2_tasks/select_evalsample.py,data/householdbench_evalsample/pre_cutoff/cons_psid_wealth.jsonl,evaluation_prompts
2_tasks,scripts/2_tasks/select_evalsample.py,data/householdbench_evalsample/pre_cutoff/cons_sce_growth.jsonl,evaluation_prompts
2_tasks,scripts/2_tasks/select_evalsample.py,data/householdbench_evalsample/pre_cutoff/cons_sce_shock.jsonl,evaluation_prompts
2_tasks,scripts/2_tasks/select_evalsample.py,data/householdbench_evalsample/pre_cutoff/house_census_move.jsonl,evaluation_prompts
2_tasks,scripts/2_tasks/select_evalsample.py,data/householdbench_evalsample/pre_cutoff/house_psid_owner.jsonl,evaluation_prompts
2_tasks,scripts/2_tasks/select_evalsample.py,data/householdbench_evalsample/pre_cutoff/house_sce_financing.jsonl,evaluation_prompts
2_tasks,scripts/2_tasks/select_evalsample.py,data/householdbench_evalsample/pre_cutoff/house_sce_lockin.jsonl,evaluation_prompts
2_tasks,scripts/2_tasks/select_evalsample.py,data/householdbench_evalsample/pre_cutoff/house_sce_move.jsonl,evaluation_prompts
2_tasks,scripts/2_tasks/select_evalsample.py,data/householdbench_evalsample/pre_cutoff/income_cps_displace.jsonl,evaluation_prompts
2_tasks,scripts/2_tasks/select_evalsample.py,data/householdbench_evalsample/pre_cutoff/income_mich_finance.jsonl,evaluation_prompts
2_tasks,scripts/2_tasks/select_evalsample.py,data/householdbench_evalsample/pre_cutoff/income_psid_earnings.jsonl,evaluation_prompts
2_tasks,scripts/2_tasks/select_evalsample.py,data/householdbench_evalsample/pre_cutoff/income_sce_growth.jsonl,evaluation_prompts
2_tasks,scripts/2_tasks/select_evalsample.py,data/householdbench_evalsample/pre_cutoff/income_sce_policy.jsonl,evaluation_prompts
2_tasks,scripts/2_tasks/select_evalsample.py,data/householdbench_evalsample/pre_cutoff/labor_cps_displace.jsonl,evaluation_prompts
2_tasks,scripts/2_tasks/select_evalsample.py,data/householdbench_evalsample/pre_cutoff/labor_cps_jobfind.jsonl,evaluation_prompts
2_tasks,scripts/2_tasks/select_evalsample.py,data/householdbench_evalsample/pre_cutoff/labor_cps_retire.jsonl,evaluation_prompts
2_tasks,scripts/2_tasks/select_evalsample.py,data/householdbench_evalsample/pre_cutoff/labor_cps_separation.jsonl,evaluation_prompts
2_tasks,scripts/2_tasks/select_evalsample.py,data/householdbench_evalsample/pre_cutoff/labor_cps_ui.jsonl,evaluation_prompts
2_tasks,scripts/2_tasks/select_evalsample.py,data/householdbench_evalsample/pre_cutoff/labor_psid_addedworker.jsonl,evaluation_prompts
2_tasks,scripts/2_tasks/select_evalsample.py,data/householdbench_evalsample/pre_cutoff/labor_sce_offer.jsonl,evaluation_prompts
2_tasks,scripts/2_tasks/select_evalsample.py,data/householdbench_evalsample/pre_cutoff/labor_sce_reswage.jsonl,evaluation_prompts
2_tasks,scripts/2_tasks/select_evalsample.py,data/householdbench_evalsample/pre_cutoff/labor_sce_risk.jsonl,evaluation_prompts
2_tasks,scripts/2_tasks/select_evalsample.py,data/householdbench_evalsample/pre_cutoff/labor_sce_search.jsonl,evaluation_prompts
2_tasks,scripts/2_tasks/select_evalsample.py,data/householdbench_evalsample/pre_cutoff/macro_mich_outlook.jsonl,evaluation_prompts
2_tasks,scripts/2_tasks/select_evalsample.py,data/householdbench_evalsample/pre_cutoff/macro_sce_revision.jsonl,evaluation_prompts
2_tasks,scripts/2_tasks/select_evalsample.py,data/householdbench_evalsample/pre_cutoff/macro_sce_uncertainty.jsonl,evaluation_prompts
2_tasks,scripts/run_pipeline.py,data/householdbench/manifest.csv,task_manifest
2_tasks,scripts/utils/task_publication.py,data/householdbench/splits/READY.json,split_provenance
2_tasks,scripts/utils/task_publication.py,data/householdbench/splits/cons_cex_categories.csv,sample_splits
2_tasks,scripts/utils/task_publication.py,data/householdbench/splits/cons_cex_rebate01.csv,sample_splits
2_tasks,scripts/utils/task_publication.py,data/householdbench/splits/cons_cex_sspay.csv,sample_splits
2_tasks,scripts/utils/task_publication.py,data/householdbench/splits/cons_cex_stimulus08.csv,sample_splits
2_tasks,scripts/utils/task_publication.py,data/householdbench/splits/cons_cex_total.csv,sample_splits
2_tasks,scripts/utils/task_publication.py,data/householdbench/splits/cons_psid_jobloss.csv,sample_splits
2_tasks,scripts/utils/task_publication.py,data/householdbench/splits/cons_psid_wealth.csv,sample_splits
2_tasks,scripts/utils/task_publication.py,data/householdbench/splits/cons_sce_growth.csv,sample_splits
2_tasks,scripts/utils/task_publication.py,data/householdbench/splits/cons_sce_shock.csv,sample_splits
2_tasks,scripts/utils/task_publication.py,data/householdbench/splits/house_census_move.csv,sample_splits
2_tasks,scripts/utils/task_publication.py,data/householdbench/splits/house_psid_owner.csv,sample_splits
2_tasks,scripts/utils/task_publication.py,data/householdbench/splits/house_sce_financing.csv,sample_splits
2_tasks,scripts/utils/task_publication.py,data/householdbench/splits/house_sce_lockin.csv,sample_splits
2_tasks,scripts/utils/task_publication.py,data/householdbench/splits/house_sce_move.csv,sample_splits
2_tasks,scripts/utils/task_publication.py,data/householdbench/splits/income_cps_displace.csv,sample_splits
2_tasks,scripts/utils/task_publication.py,data/householdbench/splits/income_mich_finance.csv,sample_splits
2_tasks,scripts/utils/task_publication.py,data/householdbench/splits/income_psid_earnings.csv,sample_splits
2_tasks,scripts/utils/task_publication.py,data/householdbench/splits/income_sce_growth.csv,sample_splits
2_tasks,scripts/utils/task_publication.py,data/householdbench/splits/income_sce_policy.csv,sample_splits
2_tasks,scripts/utils/task_publication.py,data/householdbench/splits/labor_cps_displace.csv,sample_splits
2_tasks,scripts/utils/task_publication.py,data/householdbench/splits/labor_cps_jobfind.csv,sample_splits
2_tasks,scripts/utils/task_publication.py,data/householdbench/splits/labor_cps_retire.csv,sample_splits
2_tasks,scripts/utils/task_publication.py,data/householdbench/splits/labor_cps_separation.csv,sample_splits
2_tasks,scripts/utils/task_publication.py,data/householdbench/splits/labor_cps_ui.csv,sample_splits
2_tasks,scripts/utils/task_publication.py,data/householdbench/splits/labor_psid_addedworker.csv,sample_splits
2_tasks,scripts/utils/task_publication.py,data/householdbench/splits/labor_sce_offer.csv,sample_splits
2_tasks,scripts/utils/task_publication.py,data/householdbench/splits/labor_sce_reswage.csv,sample_splits
2_tasks,scripts/utils/task_publication.py,data/householdbench/splits/labor_sce_risk.csv,sample_splits
2_tasks,scripts/utils/task_publication.py,data/householdbench/splits/labor_sce_search.csv,sample_splits
2_tasks,scripts/utils/task_publication.py,data/householdbench/splits/macro_mich_outlook.csv,sample_splits
2_tasks,scripts/utils/task_publication.py,data/householdbench/splits/macro_sce_revision.csv,sample_splits
2_tasks,scripts/utils/task_publication.py,data/householdbench/splits/macro_sce_uncertainty.csv,sample_splits
2_tasks,scripts/utils/task_publication.py,data/householdbench/splits/manifest.csv,split_provenance
2_tasks,scripts/utils/task_publication.py,data/householdbench/splits/split_config.toml,split_provenance
3_xgboost,scripts/3_xgboost/build.py,data/householdbench/baselines/READY.json,baseline_provenance
3_xgboost,scripts/3_xgboost/build.py,data/householdbench/baselines/cons_cex_categories.csv,baseline_predictions
3_xgboost,scripts/3_xgboost/build.py,data/householdbench/baselines/cons_cex_rebate01.csv,baseline_predictions
3_xgboost,scripts/3_xgboost/build.py,data/householdbench/baselines/cons_cex_sspay.csv,baseline_predictions
3_xgboost,scripts/3_xgboost/build.py,data/householdbench/baselines/cons_cex_stimulus08.csv,baseline_predictions
3_xgboost,scripts/3_xgboost/build.py,data/householdbench/baselines/cons_cex_total.csv,baseline_predictions
3_xgboost,scripts/3_xgboost/build.py,data/householdbench/baselines/cons_psid_jobloss.csv,baseline_predictions
3_xgboost,scripts/3_xgboost/build.py,data/householdbench/baselines/cons_psid_wealth.csv,baseline_predictions
3_xgboost,scripts/3_xgboost/build.py,data/householdbench/baselines/cons_sce_growth.csv,baseline_predictions
3_xgboost,scripts/3_xgboost/build.py,data/householdbench/baselines/cons_sce_shock.csv,baseline_predictions
3_xgboost,scripts/3_xgboost/build.py,data/householdbench/baselines/house_census_move.csv,baseline_predictions
3_xgboost,scripts/3_xgboost/build.py,data/householdbench/baselines/house_psid_owner.csv,baseline_predictions
3_xgboost,scripts/3_xgboost/build.py,data/householdbench/baselines/house_sce_financing.csv,baseline_predictions
3_xgboost,scripts/3_xgboost/build.py,data/householdbench/baselines/house_sce_lockin.csv,baseline_predictions
3_xgboost,scripts/3_xgboost/build.py,data/householdbench/baselines/house_sce_move.csv,baseline_predictions
3_xgboost,scripts/3_xgboost/build.py,data/householdbench/baselines/income_cps_displace.csv,baseline_predictions
3_xgboost,scripts/3_xgboost/build.py,data/householdbench/baselines/income_mich_finance.csv,baseline_predictions
3_xgboost,scripts/3_xgboost/build.py,data/householdbench/baselines/income_psid_earnings.csv,baseline_predictions
3_xgboost,scripts/3_xgboost/build.py,data/householdbench/baselines/income_sce_growth.csv,baseline_predictions
3_xgboost,scripts/3_xgboost/build.py,data/householdbench/baselines/income_sce_policy.csv,baseline_predictions
3_xgboost,scripts/3_xgboost/build.py,data/householdbench/baselines/labor_cps_displace.csv,baseline_predictions
3_xgboost,scripts/3_xgboost/build.py,data/householdbench/baselines/labor_cps_jobfind.csv,baseline_predictions
3_xgboost,scripts/3_xgboost/build.py,data/householdbench/baselines/labor_cps_retire.csv,baseline_predictions
3_xgboost,scripts/3_xgboost/build.py,data/householdbench/baselines/labor_cps_separation.csv,baseline_predictions
3_xgboost,scripts/3_xgboost/build.py,data/householdbench/baselines/labor_cps_ui.csv,baseline_predictions
3_xgboost,scripts/3_xgboost/build.py,data/householdbench/baselines/labor_psid_addedworker.csv,baseline_predictions
3_xgboost,scripts/3_xgboost/build.py,data/householdbench/baselines/labor_sce_offer.csv,baseline_predictions
3_xgboost,scripts/3_xgboost/build.py,data/householdbench/baselines/labor_sce_reswage.csv,baseline_predictions
3_xgboost,scripts/3_xgboost/build.py,data/householdbench/baselines/labor_sce_risk.csv,baseline_predictions
3_xgboost,scripts/3_xgboost/build.py,data/householdbench/baselines/labor_sce_search.csv,baseline_predictions
3_xgboost,scripts/3_xgboost/build.py,data/householdbench/baselines/macro_mich_outlook.csv,baseline_predictions
3_xgboost,scripts/3_xgboost/build.py,data/householdbench/baselines/macro_sce_revision.csv,baseline_predictions
3_xgboost,scripts/3_xgboost/build.py,data/householdbench/baselines/macro_sce_uncertainty.csv,baseline_predictions
3_xgboost,scripts/3_xgboost/build.py,data/householdbench/baselines/manifest.csv,baseline_provenance
3_xgboost,scripts/3_xgboost/build.py,output/householdbench/baselines/READY.json,baseline_provenance
3_xgboost,scripts/3_xgboost/build.py,output/householdbench/baselines/models/xgboost/train_400k/xgb_tuned_direct/cons_cex_categories/cons_alcohol.metadata.json,model_metadata
3_xgboost,scripts/3_xgboost/build.py,output/householdbench/baselines/models/xgboost/train_400k/xgb_tuned_direct/cons_cex_categories/cons_alcohol.ubj,fitted_model
3_xgboost,scripts/3_xgboost/build.py,output/householdbench/baselines/models/xgboost/train_400k/xgb_tuned_direct/cons_cex_categories/cons_apparel.metadata.json,model_metadata
3_xgboost,scripts/3_xgboost/build.py,output/householdbench/baselines/models/xgboost/train_400k/xgb_tuned_direct/cons_cex_categories/cons_apparel.ubj,fitted_model
3_xgboost,scripts/3_xgboost/build.py,output/householdbench/baselines/models/xgboost/train_400k/xgb_tuned_direct/cons_cex_categories/cons_education.metadata.json,model_metadata
3_xgboost,scripts/3_xgboost/build.py,output/householdbench/baselines/models/xgboost/train_400k/xgb_tuned_direct/cons_cex_categories/cons_education.ubj,fitted_model
3_xgboost,scripts/3_xgboost/build.py,output/householdbench/baselines/models/xgboost/train_400k/xgb_tuned_direct/cons_cex_categories/cons_entertainment.metadata.json,model_metadata
3_xgboost,scripts/3_xgboost/build.py,output/householdbench/baselines/models/xgboost/train_400k/xgb_tuned_direct/cons_cex_categories/cons_entertainment.ubj,fitted_model
3_xgboost,scripts/3_xgboost/build.py,output/householdbench/baselines/models/xgboost/train_400k/xgb_tuned_direct/cons_cex_categories/cons_food.metadata.json,model_metadata
3_xgboost,scripts/3_xgboost/build.py,output/householdbench/baselines/models/xgboost/train_400k/xgb_tuned_direct/cons_cex_categories/cons_food.ubj,fitted_model
3_xgboost,scripts/3_xgboost/build.py,output/householdbench/baselines/models/xgboost/train_400k/xgb_tuned_direct/cons_cex_categories/cons_health.metadata.json,model_metadata
3_xgboost,scripts/3_xgboost/build.py,output/householdbench/baselines/models/xgboost/train_400k/xgb_tuned_direct/cons_cex_categories/cons_health.ubj,fitted_model
3_xgboost,scripts/3_xgboost/build.py,output/householdbench/baselines/models/xgboost/train_400k/xgb_tuned_direct/cons_cex_categories/cons_housing.metadata.json,model_metadata
3_xgboost,scripts/3_xgboost/build.py,output/householdbench/baselines/models/xgboost/train_400k/xgb_tuned_direct/cons_cex_categories/cons_housing.ubj,fitted_model
3_xgboost,scripts/3_xgboost/build.py,output/householdbench/baselines/models/xgboost/train_400k/xgb_tuned_direct/cons_cex_categories/cons_misc.metadata.json,model_metadata
3_xgboost,scripts/3_xgboost/build.py,output/householdbench/baselines/models/xgboost/train_400k/xgb_tuned_direct/cons_cex_categories/cons_misc.ubj,fitted_model
3_xgboost,scripts/3_xgboost/build.py,output/householdbench/baselines/models/xgboost/train_400k/xgb_tuned_direct/cons_cex_categories/cons_personal_care.metadata.json,model_metadata
3_xgboost,scripts/3_xgboost/build.py,output/householdbench/baselines/models/xgboost/train_400k/xgb_tuned_direct/cons_cex_categories/cons_personal_care.ubj,fitted_model
3_xgboost,scripts/3_xgboost/build.py,output/householdbench/baselines/models/xgboost/train_400k/xgb_tuned_direct/cons_cex_categories/cons_read.metadata.json,model_metadata
3_xgboost,scripts/3_xgboost/build.py,output/householdbench/baselines/models/xgboost/train_400k/xgb_tuned_direct/cons_cex_categories/cons_read.ubj,fitted_model
3_xgboost,scripts/3_xgboost/build.py,output/householdbench/baselines/models/xgboost/train_400k/xgb_tuned_direct/cons_cex_categories/cons_tobacco.metadata.json,model_metadata
3_xgboost,scripts/3_xgboost/build.py,output/householdbench/baselines/models/xgboost/train_400k/xgb_tuned_direct/cons_cex_categories/cons_tobacco.ubj,fitted_model
3_xgboost,scripts/3_xgboost/build.py,output/householdbench/baselines/models/xgboost/train_400k/xgb_tuned_direct/cons_cex_categories/cons_transport.metadata.json,model_metadata
3_xgboost,scripts/3_xgboost/build.py,output/householdbench/baselines/models/xgboost/train_400k/xgb_tuned_direct/cons_cex_categories/cons_transport.ubj,fitted_model
3_xgboost,scripts/3_xgboost/build.py,output/householdbench/baselines/models/xgboost/train_400k/xgb_tuned_direct/cons_cex_rebate01/cons_durables.metadata.json,model_metadata
3_xgboost,scripts/3_xgboost/build.py,output/householdbench/baselines/models/xgboost/train_400k/xgb_tuned_direct/cons_cex_rebate01/cons_durables.ubj,fitted_model
3_xgboost,scripts/3_xgboost/build.py,output/householdbench/baselines/models/xgboost/train_400k/xgb_tuned_direct/cons_cex_rebate01/cons_nondurables.metadata.json,model_metadata
3_xgboost,scripts/3_xgboost/build.py,output/householdbench/baselines/models/xgboost/train_400k/xgb_tuned_direct/cons_cex_rebate01/cons_nondurables.ubj,fitted_model
3_xgboost,scripts/3_xgboost/build.py,output/householdbench/baselines/models/xgboost/train_400k/xgb_tuned_direct/cons_cex_rebate01/cons_parker_total.metadata.json,model_metadata
3_xgboost,scripts/3_xgboost/build.py,output/householdbench/baselines/models/xgboost/train_400k/xgb_tuned_direct/cons_cex_rebate01/cons_parker_total.ubj,fitted_model
3_xgboost,scripts/3_xgboost/build.py,output/householdbench/baselines/models/xgboost/train_400k/xgb_tuned_direct/cons_cex_sspay/daily_food_at_home.metadata.json,model_metadata
3_xgboost,scripts/3_xgboost/build.py,output/householdbench/baselines/models/xgboost/train_400k/xgb_tuned_direct/cons_cex_sspay/daily_food_at_home.ubj,fitted_model
3_xgboost,scripts/3_xgboost/build.py,output/householdbench/baselines/models/xgboost/train_400k/xgb_tuned_direct/cons_cex_sspay/daily_food_away_from_home.metadata.json,model_metadata
3_xgboost,scripts/3_xgboost/build.py,output/householdbench/baselines/models/xgboost/train_400k/xgb_tuned_direct/cons_cex_sspay/daily_food_away_from_home.ubj,fitted_model
3_xgboost,scripts/3_xgboost/build.py,output/householdbench/baselines/models/xgboost/train_400k/xgb_tuned_direct/cons_cex_sspay/daily_total_expenditure.metadata.json,model_metadata
3_xgboost,scripts/3_xgboost/build.py,output/householdbench/baselines/models/xgboost/train_400k/xgb_tuned_direct/cons_cex_sspay/daily_total_expenditure.ubj,fitted_model
3_xgboost,scripts/3_xgboost/build.py,output/householdbench/baselines/models/xgboost/train_400k/xgb_tuned_direct/cons_cex_stimulus08/cons_durables.metadata.json,model_metadata
3_xgboost,scripts/3_xgboost/build.py,output/householdbench/baselines/models/xgboost/train_400k/xgb_tuned_direct/cons_cex_stimulus08/cons_durables.ubj,fitted_model
3_xgboost,scripts/3_xgboost/build.py,output/householdbench/baselines/models/xgboost/train_400k/xgb_tuned_direct/cons_cex_stimulus08/cons_nondurables.metadata.json,model_metadata
3_xgboost,scripts/3_xgboost/build.py,output/householdbench/baselines/models/xgboost/train_400k/xgb_tuned_direct/cons_cex_stimulus08/cons_nondurables.ubj,fitted_model
3_xgboost,scripts/3_xgboost/build.py,output/householdbench/baselines/models/xgboost/train_400k/xgb_tuned_direct/cons_cex_stimulus08/cons_parker_total.metadata.json,model_metadata
3_xgboost,scripts/3_xgboost/build.py,output/householdbench/baselines/models/xgboost/train_400k/xgb_tuned_direct/cons_cex_stimulus08/cons_parker_total.ubj,fitted_model
3_xgboost,scripts/3_xgboost/build.py,output/householdbench/baselines/models/xgboost/train_400k/xgb_tuned_direct/cons_cex_total/cons_durables.metadata.json,model_metadata
3_xgboost,scripts/3_xgboost/build.py,output/householdbench/baselines/models/xgboost/train_400k/xgb_tuned_direct/cons_cex_total/cons_durables.ubj,fitted_model
3_xgboost,scripts/3_xgboost/build.py,output/householdbench/baselines/models/xgboost/train_400k/xgb_tuned_direct/cons_cex_total/cons_nondurables.metadata.json,model_metadata
3_xgboost,scripts/3_xgboost/build.py,output/householdbench/baselines/models/xgboost/train_400k/xgb_tuned_direct/cons_cex_total/cons_nondurables.ubj,fitted_model
3_xgboost,scripts/3_xgboost/build.py,output/householdbench/baselines/models/xgboost/train_400k/xgb_tuned_direct/cons_cex_total/cons_parker_total.metadata.json,model_metadata
3_xgboost,scripts/3_xgboost/build.py,output/householdbench/baselines/models/xgboost/train_400k/xgb_tuned_direct/cons_cex_total/cons_parker_total.ubj,fitted_model
3_xgboost,scripts/3_xgboost/build.py,output/householdbench/baselines/models/xgboost/train_400k/xgb_tuned_direct/cons_psid_jobloss/annual_food_spending.metadata.json,model_metadata
3_xgboost,scripts/3_xgboost/build.py,output/householdbench/baselines/models/xgboost/train_400k/xgb_tuned_direct/cons_psid_jobloss/annual_food_spending.ubj,fitted_model
3_xgboost,scripts/3_xgboost/build.py,output/householdbench/baselines/models/xgboost/train_400k/xgb_tuned_direct/cons_psid_wealth/wlth_tot_net_nd_next_wave.metadata.json,model_metadata
3_xgboost,scripts/3_xgboost/build.py,output/householdbench/baselines/models/xgboost/train_400k/xgb_tuned_direct/cons_psid_wealth/wlth_tot_net_nd_next_wave.ubj,fitted_model
3_xgboost,scripts/3_xgboost/build.py,output/householdbench/baselines/models/xgboost/train_400k/xgb_tuned_direct/cons_sce_growth/signed_spending_growth_percent.metadata.json,model_metadata
3_xgboost,scripts/3_xgboost/build.py,output/householdbench/baselines/models/xgboost/train_400k/xgb_tuned_direct/cons_sce_growth/signed_spending_growth_percent.ubj,fitted_model
3_xgboost,scripts/3_xgboost/build.py,output/householdbench/baselines/models/xgboost/train_400k/xgb_tuned_direct/cons_sce_shock/gain_spend_or_donate_share.metadata.json,model_metadata
3_xgboost,scripts/3_xgboost/build.py,output/householdbench/baselines/models/xgboost/train_400k/xgb_tuned_direct/cons_sce_shock/gain_spend_or_donate_share.ubj,fitted_model
3_xgboost,scripts/3_xgboost/build.py,output/householdbench/baselines/models/xgboost/train_400k/xgb_tuned_direct/cons_sce_shock/loss_reduce_spending_share.metadata.json,model_metadata
3_xgboost,scripts/3_xgboost/build.py,output/householdbench/baselines/models/xgboost/train_400k/xgb_tuned_direct/cons_sce_shock/loss_reduce_spending_share.ubj,fitted_model
3_xgboost,scripts/3_xgboost/build.py,output/householdbench/baselines/models/xgboost/train_400k/xgb_tuned_direct/house_census_move/target.metadata.json,model_metadata
3_xgboost,scripts/3_xgboost/build.py,output/householdbench/baselines/models/xgboost/train_400k/xgb_tuned_direct/house_census_move/target.ubj,fitted_model
3_xgboost,scripts/3_xgboost/build.py,output/householdbench/baselines/models/xgboost/train_400k/xgb_tuned_direct/house_psid_owner/becomes_owner_next_wave.metadata.json,model_metadata
3_xgboost,scripts/3_xgboost/build.py,output/householdbench/baselines/models/xgboost/train_400k/xgb_tuned_direct/house_psid_owner/becomes_owner_next_wave.ubj,fitted_model
3_xgboost,scripts/3_xgboost/build.py,output/householdbench/baselines/models/xgboost/train_400k/xgb_tuned_direct/house_sce_financing/down_payment_after_cash_inheritance.metadata.json,model_metadata
3_xgboost,scripts/3_xgboost/build.py,output/householdbench/baselines/models/xgboost/train_400k/xgb_tuned_direct/house_sce_financing/down_payment_after_cash_inheritance.ubj,fitted_model
3_xgboost,scripts/3_xgboost/build.py,output/householdbench/baselines/models/xgboost/train_400k/xgb_tuned_direct/house_sce_financing/down_payment_flexible_alternative_rate.metadata.json,model_metadata
3_xgboost,scripts/3_xgboost/build.py,output/householdbench/baselines/models/xgboost/train_400k/xgb_tuned_direct/house_sce_financing/down_payment_flexible_alternative_rate.ubj,fitted_model
3_xgboost,scripts/3_xgboost/build.py,output/householdbench/baselines/models/xgboost/train_400k/xgb_tuned_direct/house_sce_financing/down_payment_flexible_original_rate.metadata.json,model_metadata
3_xgboost,scripts/3_xgboost/build.py,output/householdbench/baselines/models/xgboost/train_400k/xgb_tuned_direct/house_sce_financing/down_payment_flexible_original_rate.ubj,fitted_model
3_xgboost,scripts/3_xgboost/build.py,output/householdbench/baselines/models/xgboost/train_400k/xgb_tuned_direct/house_sce_financing/wtp_after_cash_inheritance.metadata.json,model_metadata
3_xgboost,scripts/3_xgboost/build.py,output/householdbench/baselines/models/xgboost/train_400k/xgb_tuned_direct/house_sce_financing/wtp_after_cash_inheritance.ubj,fitted_model
3_xgboost,scripts/3_xgboost/build.py,output/householdbench/baselines/models/xgboost/train_400k/xgb_tuned_direct/house_sce_financing/wtp_flexible_alternative_rate.metadata.json,model_metadata
3_xgboost,scripts/3_xgboost/build.py,output/householdbench/baselines/models/xgboost/train_400k/xgb_tuned_direct/house_sce_financing/wtp_flexible_alternative_rate.ubj,fitted_model
3_xgboost,scripts/3_xgboost/build.py,output/householdbench/baselines/models/xgboost/train_400k/xgb_tuned_direct/house_sce_financing/wtp_flexible_original_rate.metadata.json,model_metadata
3_xgboost,scripts/3_xgboost/build.py,output/householdbench/baselines/models/xgboost/train_400k/xgb_tuned_direct/house_sce_financing/wtp_flexible_original_rate.ubj,fitted_model
3_xgboost,scripts/3_xgboost/build.py,output/householdbench/baselines/models/xgboost/train_400k/xgb_tuned_direct/house_sce_lockin/move.metadata.json,model_metadata
3_xgboost,scripts/3_xgboost/build.py,output/householdbench/baselines/models/xgboost/train_400k/xgb_tuned_direct/house_sce_lockin/move.ubj,fitted_model
3_xgboost,scripts/3_xgboost/build.py,output/householdbench/baselines/models/xgboost/train_400k/xgb_tuned_direct/house_sce_move/move.metadata.json,model_metadata
3_xgboost,scripts/3_xgboost/build.py,output/householdbench/baselines/models/xgboost/train_400k/xgb_tuned_direct/house_sce_move/move.ubj,fitted_model
3_xgboost,scripts/3_xgboost/build.py,output/householdbench/baselines/models/xgboost/train_400k/xgb_tuned_direct/income_cps_displace/target.metadata.json,model_metadata
3_xgboost,scripts/3_xgboost/build.py,output/householdbench/baselines/models/xgboost/train_400k/xgb_tuned_direct/income_cps_displace/target.ubj,fitted_model
3_xgboost,scripts/3_xgboost/build.py,output/householdbench/baselines/models/xgboost/train_400k/xgb_tuned_direct/income_mich_finance/expected_percent_change.metadata.json,model_metadata
3_xgboost,scripts/3_xgboost/build.py,output/householdbench/baselines/models/xgboost/train_400k/xgb_tuned_direct/income_mich_finance/expected_percent_change.ubj,fitted_model
3_xgboost,scripts/3_xgboost/build.py,output/householdbench/baselines/models/xgboost/train_400k/xgb_tuned_direct/income_psid_earnings/earn_tot_nd_10y.metadata.json,model_metadata
3_xgboost,scripts/3_xgboost/build.py,output/householdbench/baselines/models/xgboost/train_400k/xgb_tuned_direct/income_psid_earnings/earn_tot_nd_10y.ubj,fitted_model
3_xgboost,scripts/3_xgboost/build.py,output/householdbench/baselines/models/xgboost/train_400k/xgb_tuned_direct/income_psid_earnings/earn_tot_nd_2y.metadata.json,model_metadata
3_xgboost,scripts/3_xgboost/build.py,output/householdbench/baselines/models/xgboost/train_400k/xgb_tuned_direct/income_psid_earnings/earn_tot_nd_2y.ubj,fitted_model
3_xgboost,scripts/3_xgboost/build.py,output/householdbench/baselines/models/xgboost/train_400k/xgb_tuned_direct/income_psid_earnings/earn_tot_nd_4y.metadata.json,model_metadata
3_xgboost,scripts/3_xgboost/build.py,output/householdbench/baselines/models/xgboost/train_400k/xgb_tuned_direct/income_psid_earnings/earn_tot_nd_4y.ubj,fitted_model
3_xgboost,scripts/3_xgboost/build.py,output/householdbench/baselines/models/xgboost/train_400k/xgb_tuned_direct/income_sce_growth/Q25v2part2.metadata.json,model_metadata
3_xgboost,scripts/3_xgboost/build.py,output/householdbench/baselines/models/xgboost/train_400k/xgb_tuned_direct/income_sce_growth/Q25v2part2.ubj,fitted_model
3_xgboost,scripts/3_xgboost/build.py,output/householdbench/baselines/models/xgboost/train_400k/xgb_tuned_direct/income_sce_policy/qp2_16.metadata.json,model_metadata
3_xgboost,scripts/3_xgboost/build.py,output/householdbench/baselines/models/xgboost/train_400k/xgb_tuned_direct/income_sce_policy/qp2_16.ubj,fitted_model
3_xgboost,scripts/3_xgboost/build.py,output/householdbench/baselines/models/xgboost/train_400k/xgb_tuned_direct/income_sce_policy/qp2_5.metadata.json,model_metadata
3_xgboost,scripts/3_xgboost/build.py,output/householdbench/baselines/models/xgboost/train_400k/xgb_tuned_direct/income_sce_policy/qp2_5.ubj,fitted_model
3_xgboost,scripts/3_xgboost/build.py,output/householdbench/baselines/models/xgboost/train_400k/xgb_tuned_direct/income_sce_policy/qp2_6.metadata.json,model_metadata
3_xgboost,scripts/3_xgboost/build.py,output/householdbench/baselines/models/xgboost/train_400k/xgb_tuned_direct/income_sce_policy/qp2_6.ubj,fitted_model
3_xgboost,scripts/3_xgboost/build.py,output/householdbench/baselines/models/xgboost/train_400k/xgb_tuned_direct/income_sce_policy/qp2_9.metadata.json,model_metadata
3_xgboost,scripts/3_xgboost/build.py,output/householdbench/baselines/models/xgboost/train_400k/xgb_tuned_direct/income_sce_policy/qp2_9.ubj,fitted_model
3_xgboost,scripts/3_xgboost/build.py,output/householdbench/baselines/models/xgboost/train_400k/xgb_tuned_direct/labor_cps_displace/target.metadata.json,model_metadata
3_xgboost,scripts/3_xgboost/build.py,output/householdbench/baselines/models/xgboost/train_400k/xgb_tuned_direct/labor_cps_displace/target.ubj,fitted_model
3_xgboost,scripts/3_xgboost/build.py,output/householdbench/baselines/models/xgboost/train_400k/xgb_tuned_direct/labor_cps_jobfind/target.metadata.json,model_metadata
3_xgboost,scripts/3_xgboost/build.py,output/householdbench/baselines/models/xgboost/train_400k/xgb_tuned_direct/labor_cps_jobfind/target.ubj,fitted_model
3_xgboost,scripts/3_xgboost/build.py,output/householdbench/baselines/models/xgboost/train_400k/xgb_tuned_direct/labor_cps_retire/target.metadata.json,model_metadata
3_xgboost,scripts/3_xgboost/build.py,output/householdbench/baselines/models/xgboost/train_400k/xgb_tuned_direct/labor_cps_retire/target.ubj,fitted_model
3_xgboost,scripts/3_xgboost/build.py,output/householdbench/baselines/models/xgboost/train_400k/xgb_tuned_direct/labor_cps_separation/target.metadata.json,model_metadata
3_xgboost,scripts/3_xgboost/build.py,output/householdbench/baselines/models/xgboost/train_400k/xgb_tuned_direct/labor_cps_separation/target.ubj,fitted_model
3_xgboost,scripts/3_xgboost/build.py,output/householdbench/baselines/models/xgboost/train_400k/xgb_tuned_direct/labor_cps_ui/target.metadata.json,model_metadata
3_xgboost,scripts/3_xgboost/build.py,output/householdbench/baselines/models/xgboost/train_400k/xgb_tuned_direct/labor_cps_ui/target.ubj,fitted_model
3_xgboost,scripts/3_xgboost/build.py,output/householdbench/baselines/models/xgboost/train_400k/xgb_tuned_direct/labor_psid_addedworker/partner_annual_earnings_event_year.metadata.json,model_metadata
3_xgboost,scripts/3_xgboost/build.py,output/householdbench/baselines/models/xgboost/train_400k/xgb_tuned_direct/labor_psid_addedworker/partner_annual_earnings_event_year.ubj,fitted_model
3_xgboost,scripts/3_xgboost/build.py,output/householdbench/baselines/models/xgboost/train_400k/xgb_tuned_direct/labor_psid_addedworker/partner_annual_earnings_following_year.metadata.json,model_metadata
3_xgboost,scripts/3_xgboost/build.py,output/householdbench/baselines/models/xgboost/train_400k/xgb_tuned_direct/labor_psid_addedworker/partner_annual_earnings_following_year.ubj,fitted_model
3_xgboost,scripts/3_xgboost/build.py,output/householdbench/baselines/models/xgboost/train_400k/xgb_tuned_direct/labor_psid_addedworker/partner_annual_hours_event_year.metadata.json,model_metadata
3_xgboost,scripts/3_xgboost/build.py,output/householdbench/baselines/models/xgboost/train_400k/xgb_tuned_direct/labor_psid_addedworker/partner_annual_hours_event_year.ubj,fitted_model
3_xgboost,scripts/3_xgboost/build.py,output/householdbench/baselines/models/xgboost/train_400k/xgb_tuned_direct/labor_psid_addedworker/partner_annual_hours_following_year.metadata.json,model_metadata
3_xgboost,scripts/3_xgboost/build.py,output/householdbench/baselines/models/xgboost/train_400k/xgb_tuned_direct/labor_psid_addedworker/partner_annual_hours_following_year.ubj,fitted_model
3_xgboost,scripts/3_xgboost/build.py,output/householdbench/baselines/models/xgboost/train_400k/xgb_tuned_direct/labor_sce_offer/first_offer_decision.metadata.json,model_metadata
3_xgboost,scripts/3_xgboost/build.py,output/householdbench/baselines/models/xgboost/train_400k/xgb_tuned_direct/labor_sce_offer/first_offer_decision.ubj,fitted_model
3_xgboost,scripts/3_xgboost/build.py,output/householdbench/baselines/models/xgboost/train_400k/xgb_tuned_direct/labor_sce_reswage/preferred_weekly_hours.metadata.json,model_metadata
3_xgboost,scripts/3_xgboost/build.py,output/householdbench/baselines/models/xgboost/train_400k/xgb_tuned_direct/labor_sce_reswage/preferred_weekly_hours.ubj,fitted_model
3_xgboost,scripts/3_xgboost/build.py,output/householdbench/baselines/models/xgboost/train_400k/xgb_tuned_direct/labor_sce_reswage/reservation_wage_hourly.metadata.json,model_metadata
3_xgboost,scripts/3_xgboost/build.py,output/householdbench/baselines/models/xgboost/train_400k/xgb_tuned_direct/labor_sce_reswage/reservation_wage_hourly.ubj,fitted_model
3_xgboost,scripts/3_xgboost/build.py,output/householdbench/baselines/models/xgboost/train_400k/xgb_tuned_direct/labor_sce_risk/job_find.metadata.json,model_metadata
3_xgboost,scripts/3_xgboost/build.py,output/householdbench/baselines/models/xgboost/train_400k/xgb_tuned_direct/labor_sce_risk/job_find.ubj,fitted_model
3_xgboost,scripts/3_xgboost/build.py,output/householdbench/baselines/models/xgboost/train_400k/xgb_tuned_direct/labor_sce_risk/job_loss.metadata.json,model_metadata
3_xgboost,scripts/3_xgboost/build.py,output/householdbench/baselines/models/xgboost/train_400k/xgb_tuned_direct/labor_sce_risk/job_loss.ubj,fitted_model
3_xgboost,scripts/3_xgboost/build.py,output/householdbench/baselines/models/xgboost/train_400k/xgb_tuned_direct/labor_sce_risk/voluntary_leave.metadata.json,model_metadata
3_xgboost,scripts/3_xgboost/build.py,output/householdbench/baselines/models/xgboost/train_400k/xgb_tuned_direct/labor_sce_risk/voluntary_leave.ubj,fitted_model
3_xgboost,scripts/3_xgboost/build.py,output/householdbench/baselines/models/xgboost/train_400k/xgb_tuned_direct/labor_sce_search/find_12m.metadata.json,model_metadata
3_xgboost,scripts/3_xgboost/build.py,output/householdbench/baselines/models/xgboost/train_400k/xgb_tuned_direct/labor_sce_search/find_12m.ubj,fitted_model
3_xgboost,scripts/3_xgboost/build.py,output/householdbench/baselines/models/xgboost/train_400k/xgb_tuned_direct/labor_sce_search/find_3m.metadata.json,model_metadata
3_xgboost,scripts/3_xgboost/build.py,output/householdbench/baselines/models/xgboost/train_400k/xgb_tuned_direct/labor_sce_search/find_3m.ubj,fitted_model
3_xgboost,scripts/3_xgboost/build.py,output/householdbench/baselines/models/xgboost/train_400k/xgb_tuned_direct/macro_mich_outlook/PX1.metadata.json,model_metadata
3_xgboost,scripts/3_xgboost/build.py,output/householdbench/baselines/models/xgboost/train_400k/xgb_tuned_direct/macro_mich_outlook/PX1.ubj,fitted_model
3_xgboost,scripts/3_xgboost/build.py,output/householdbench/baselines/models/xgboost/train_400k/xgb_tuned_direct/macro_mich_outlook/PX5.metadata.json,model_metadata
3_xgboost,scripts/3_xgboost/build.py,output/householdbench/baselines/models/xgboost/train_400k/xgb_tuned_direct/macro_mich_outlook/PX5.ubj,fitted_model
3_xgboost,scripts/3_xgboost/build.py,output/householdbench/baselines/models/xgboost/train_400k/xgb_tuned_direct/macro_sce_revision/expected_inflation_2y3y_m12.metadata.json,model_metadata
3_xgboost,scripts/3_xgboost/build.py,output/householdbench/baselines/models/xgboost/train_400k/xgb_tuned_direct/macro_sce_revision/expected_inflation_2y3y_m12.ubj,fitted_model
3_xgboost,scripts/3_xgboost/build.py,output/householdbench/baselines/models/xgboost/train_400k/xgb_tuned_direct/macro_sce_revision/expected_inflation_next_12m_m12.metadata.json,model_metadata
3_xgboost,scripts/3_xgboost/build.py,output/householdbench/baselines/models/xgboost/train_400k/xgb_tuned_direct/macro_sce_revision/expected_inflation_next_12m_m12.ubj,fitted_model
3_xgboost,scripts/3_xgboost/build.py,output/householdbench/baselines/models/xgboost/train_400k/xgb_tuned_direct/macro_sce_uncertainty/inflation_1y.metadata.json,model_metadata
3_xgboost,scripts/3_xgboost/build.py,output/householdbench/baselines/models/xgboost/train_400k/xgb_tuned_direct/macro_sce_uncertainty/inflation_1y.ubj,fitted_model
3_xgboost,scripts/3_xgboost/build.py,output/householdbench/baselines/models/xgboost/train_400k/xgb_tuned_direct/macro_sce_uncertainty/inflation_3y.metadata.json,model_metadata
3_xgboost,scripts/3_xgboost/build.py,output/householdbench/baselines/models/xgboost/train_400k/xgb_tuned_direct/macro_sce_uncertainty/inflation_3y.ubj,fitted_model
3_xgboost,scripts/3_xgboost/build.py,output/householdbench/baselines/models/xgboost/train_400k/xgb_tuned_direct/macro_sce_uncertainty/savings_rate_higher.metadata.json,model_metadata
3_xgboost,scripts/3_xgboost/build.py,output/householdbench/baselines/models/xgboost/train_400k/xgb_tuned_direct/macro_sce_uncertainty/savings_rate_higher.ubj,fitted_model
3_xgboost,scripts/3_xgboost/build.py,output/householdbench/baselines/models/xgboost/train_400k/xgb_tuned_direct/macro_sce_uncertainty/stock_prices_higher.metadata.json,model_metadata
3_xgboost,scripts/3_xgboost/build.py,output/householdbench/baselines/models/xgboost/train_400k/xgb_tuned_direct/macro_sce_uncertainty/stock_prices_higher.ubj,fitted_model
3_xgboost,scripts/3_xgboost/build.py,output/householdbench/baselines/models/xgboost/train_400k/xgb_tuned_direct/macro_sce_uncertainty/unemployment_higher.metadata.json,model_metadata
3_xgboost,scripts/3_xgboost/build.py,output/householdbench/baselines/models/xgboost/train_400k/xgb_tuned_direct/macro_sce_uncertainty/unemployment_higher.ubj,fitted_model
3_xgboost,scripts/3_xgboost/build.py,output/householdbench/baselines/xgboost_categorical_probability_calibration.csv,baseline_provenance
3_xgboost,scripts/3_xgboost/build.py,output/householdbench/baselines/xgboost_feature_importance.csv,baseline_provenance
3_xgboost,scripts/3_xgboost/build.py,output/householdbench/baselines/xgboost_feature_quality.csv,baseline_provenance
3_xgboost,scripts/3_xgboost/build.py,output/householdbench/baselines/xgboost_metrics_atomic.csv,baseline_provenance
3_xgboost,scripts/3_xgboost/build.py,output/householdbench/baselines/xgboost_metrics_task.csv,baseline_provenance
3_xgboost,scripts/3_xgboost/build.py,output/householdbench/baselines/xgboost_model_diagnostics.csv,baseline_provenance
3_xgboost,scripts/3_xgboost/build.py,output/householdbench/baselines/xgboost_model_manifest.csv,baseline_provenance
3_xgboost,scripts/3_xgboost/build.py,output/householdbench/baselines/xgboost_postprocessing_audit.csv,baseline_provenance
3_xgboost,scripts/3_xgboost/build.py,output/householdbench/baselines/xgboost_preflight_audit.csv,baseline_provenance
3_xgboost,scripts/3_xgboost/build.py,output/householdbench/baselines/xgboost_resource_summary.csv,baseline_provenance
3_xgboost,scripts/3_xgboost/build.py,output/householdbench/baselines/xgboost_run_contract.json,baseline_provenance
3_xgboost,scripts/3_xgboost/build.py,output/householdbench/baselines/xgboost_sample_allocations.csv,baseline_provenance
